transaction_id,account_id,timestamp,amount,currency,transaction_type,merchant_id,status
TXN_6bbeffeb0e5e,ACC_c53dd6f981b8,2024-05-20 00:00:00,12252.14,EUR,DEBIT,MER_7601be8c278c,COMPLETED
TXN_b73c6c523986,ACC_42d5bd7027b7,2024-02-17 00:00:00,10939.71,CNY,REFUND,MER_0e0d400ddb96,PENDING
TXN_759433c40723,ACC_2b0f2980edaa,2024-08-02 00:00:00,11029.83,CNY,TRANSFER,MER_f4a6b244ba26,COMPLETED
TXN_284db7d1117f,ACC_6665ba1c3343,2024-08-04 00:00:00,17019.12,EUR,CREDIT,MER_a6c8ec4fe5cf,FAILED
TXN_b3f97ea59539,ACC_6fc501fdebbb,2024-07-02 00:00:00,42376.24,CNY,TRANSFER,MER_944ca12d6097,CANCELLED
TXN_3fc665a12b4d,ACC_4742ad26c551,2024-07-12 00:00:00,3949.22,GBP,REFUND,MER_677fc5db67df,FAILED
TXN_e310e9a45784,ACC_5eddd6677b41,2024-01-24 00:00:00,33066.55,GBP,DEBIT,MER_928e399af1dc,COMPLETED
TXN_d728fab95b34,ACC_2b305cf916ef,2024-07-05 00:00:00,8141.08,GBP,CREDIT,MER_658484346679,COMPLETED
TXN_376035373c2b,ACC_ae73a823a67f,2024-05-05 00:00:00,8178.49,JPY,TRANSFER,MER_4984e5a02684,PENDING
TXN_8c637673c59d,ACC_f7f4fc958037,2024-01-29 00:00:00,11460.11,USD,TRANSFER,MER_ed5af7b93691,COMPLETED
TXN_a674a5f62161,ACC_8195cfb3cd93,2024-06-10 00:00:00,10639.2,JPY,PAYMENT,MER_d0c349d746a6,CANCELLED
TXN_8f49bd762bf0,ACC_ee857dbf76f7,2024-10-14 00:00:00,26953.47,CNY,PAYMENT,MER_0a9f2b0c49f0,CANCELLED
TXN_0c7f82e1d50a,ACC_1073c491a787,2024-03-11 00:00:00,25481.22,USD,DEBIT,MER_a83b7a2fe765,PENDING
TXN_d1c64f0478ae,ACC_a20952e20548,2024-08-04 00:00:00,29824.49,JPY,PAYMENT,MER_c249bcfbb789,CANCELLED
TXN_a3cb8dd65da7,ACC_0969da2b290f,2024-01-06 00:00:00,34017.37,USD,REFUND,MER_88894ad3cb97,FAILED
TXN_0a0e7d394c9b,ACC_a6c60371a7a9,2024-08-20 00:00:00,172.23,GBP,REFUND,MER_dd6039d799b4,COMPLETED
TXN_cc764e872a0d,ACC_b89b1d8abed5,2024-11-23 00:00:00,25388.07,EUR,CREDIT,MER_7a7d902a7371,PENDING
TXN_264d28d68214,ACC_8d7d215d368c,2024-09-28 00:00:00,45925.49,CNY,TRANSFER,MER_bf32839915e6,COMPLETED
TXN_dd06ca293034,ACC_a075eb1be584,2024-06-06 00:00:00,11980.22,EUR,REFUND,MER_0480adf267b0,COMPLETED
TXN_9914ae2bcb6e,ACC_249b7d87620d,2024-09-29 00:00:00,38294.06,EUR,PAYMENT,MER_0a5bb6b45495,PENDING
TXN_002ecc63713e,ACC_0a8220cfe7cd,2024-08-04 00:00:00,48218.5,CNY,CREDIT,MER_766e9369d5ee,CANCELLED
TXN_a4c74ca23acc,ACC_bc593ddf3517,2024-08-12 00:00:00,44981.71,JPY,DEBIT,MER_c2b068dd6cfc,COMPLETED
TXN_90f7d836a332,ACC_43d0c4b3af3b,2024-04-27 00:00:00,29426.12,USD,DEBIT,MER_f24ef2d8f311,COMPLETED
TXN_7e118d4e7313,ACC_f99f69643f29,2024-06-18 00:00:00,3552.16,EUR,TRANSFER,MER_6983d7ea9105,PENDING
TXN_258ba72515e3,ACC_a950ca085015,2024-10-19 00:00:00,28814.82,EUR,PAYMENT,MER_0dfdfa09b62a,PENDING
TXN_541f7c280f7a,ACC_176223ff5c13,2024-06-30 00:00:00,21184.7,JPY,DEBIT,MER_1858eb2f6554,COMPLETED
TXN_964f85e2273f,ACC_90c715089ed5,2024-02-25 00:00:00,12440.33,EUR,REFUND,MER_5035eec3c750,CANCELLED
TXN_518fc10f516e,ACC_f6b04c5461df,2024-02-08 00:00:00,22162.11,CNY,DEBIT,MER_a9e175790d48,COMPLETED
TXN_5a7777cfd76d,ACC_e782acfde554,2024-05-01 00:00:00,8323.89,JPY,PAYMENT,MER_6fbd1a975fa1,CANCELLED
TXN_97a5ac8dffa5,ACC_298de3b28f6b,2024-01-02 00:00:00,49265.59,GBP,PAYMENT,MER_1a8cf8c6c8dd,CANCELLED
TXN_59250b82ac1b,ACC_ba3014d36139,2024-01-30 00:00:00,28963.22,CNY,DEBIT,MER_29cb5f65cb81,COMPLETED
TXN_3a22b132e0ad,ACC_75924178d975,2024-09-28 00:00:00,7880.06,CNY,DEBIT,MER_ae47b3034909,COMPLETED
TXN_502a1e3c2b65,ACC_b5d7f9ed21a4,2024-04-30 00:00:00,20194.74,CNY,CREDIT,MER_a7eb3ce6d08a,COMPLETED
TXN_a6dcd3ad6422,ACC_8e8eaa10527e,2024-10-25 00:00:00,28265.69,GBP,TRANSFER,MER_66b419cb0675,FAILED
TXN_891453c4db02,ACC_70d23ea143f5,2024-12-09 00:00:00,32278.58,JPY,TRANSFER,MER_c940d9c89c05,COMPLETED
TXN_3bc605833b8a,ACC_f26e8fd8c436,2024-10-15 00:00:00,49804.86,USD,REFUND,MER_c88138c6abac,FAILED
TXN_4525bf540886,ACC_9dd2f0bce91d,2024-02-05 00:00:00,43964.72,GBP,TRANSFER,MER_7b70f1224f68,FAILED
TXN_5dd4016658f1,ACC_66f76d332ff2,2024-11-30 00:00:00,26451.75,CNY,TRANSFER,MER_6c13a5158037,COMPLETED
TXN_4cffc986c8dd,ACC_b262f5ed97b5,2024-02-29 00:00:00,44486.74,CNY,CREDIT,MER_4fa8007e8c94,PENDING
TXN_073896489b66,ACC_a032cb1669de,2024-11-20 00:00:00,42647.11,CNY,PAYMENT,MER_5ee9226c11ec,COMPLETED
TXN_10b949ac3866,ACC_75d785f82d32,2024-05-21 00:00:00,2213.9,GBP,CREDIT,MER_bd771913927c,FAILED
TXN_6e37a2938fee,ACC_c696f3fadde8,2024-12-27 00:00:00,21390.07,USD,DEBIT,MER_da65a7930dcb,PENDING
TXN_a88234d3db93,ACC_a68437c56da2,2024-10-25 00:00:00,27630.73,JPY,CREDIT,MER_0233b09fea76,FAILED
TXN_a2cbc2ee16f0,ACC_d193b089e39d,2024-01-21 00:00:00,44947.24,EUR,CREDIT,MER_a9cad2446ed8,FAILED
TXN_659151851949,ACC_5a186465353f,2024-07-27 00:00:00,48692.11,EUR,CREDIT,MER_f10f5b05b226,PENDING
TXN_0376c882d005,ACC_3de25133e507,2024-06-19 00:00:00,39121.5,JPY,CREDIT,MER_626993aabecf,COMPLETED
TXN_f3d0de97e54f,ACC_58ca520fec2c,2024-08-28 00:00:00,11129.46,JPY,TRANSFER,MER_448a44a37f15,PENDING
TXN_0c06b7975393,ACC_4f509ad079c3,2024-07-23 00:00:00,16419.81,USD,TRANSFER,MER_28374fec9129,CANCELLED
TXN_2a499be84df5,ACC_fc71d36dfa01,2024-06-18 00:00:00,46962.46,USD,TRANSFER,MER_2c68108a4d4c,FAILED
TXN_0998afdf7fd0,ACC_9b52b99508b2,2024-06-25 00:00:00,36429.97,GBP,PAYMENT,MER_551b8f5d3fa2,COMPLETED
TXN_3c319833f79d,ACC_4eb0fd85be4e,2024-05-10 00:00:00,2228.88,JPY,DEBIT,MER_cf4a083b5221,PENDING
TXN_198d1d4707a7,ACC_d4235456dcb0,2024-12-06 00:00:00,46039.34,CNY,TRANSFER,MER_392b8e11ec31,COMPLETED
TXN_3f5c50191f05,ACC_ddc9b2c198f9,2024-06-07 00:00:00,33347.98,GBP,PAYMENT,MER_67d77397815b,PENDING
TXN_529389a524be,ACC_86ad710d9f06,2024-07-13 00:00:00,33869.12,EUR,REFUND,MER_86eeea00062e,CANCELLED
TXN_728e7f31a6d3,ACC_436a9ddb4526,2024-05-26 00:00:00,10517.03,CNY,REFUND,MER_e81db9def719,CANCELLED
TXN_bb382fb578e4,ACC_a82c339449e4,2024-09-18 00:00:00,23664.58,EUR,DEBIT,MER_3634908e9a4f,FAILED
TXN_420e29f0e87e,ACC_9a263dbec3fd,2024-04-30 00:00:00,33643.06,EUR,CREDIT,MER_5dfea7e1ff31,COMPLETED
TXN_8834ccd35889,ACC_64ac704d4cbf,2024-02-07 00:00:00,22776.25,CNY,CREDIT,MER_e9add5b791d5,CANCELLED
TXN_37c30da3ab24,ACC_4b6044651ae2,2024-12-01 00:00:00,34384.24,USD,PAYMENT,MER_110794c7ccc1,CANCELLED
TXN_9495eb6a942a,ACC_6f94f1ece124,2024-03-03 00:00:00,22828.53,JPY,REFUND,MER_b3d200992f78,FAILED
TXN_5f07b1627768,ACC_367cfeee73a5,2024-11-09 00:00:00,40752.18,CNY,PAYMENT,MER_bc306ca11b0e,CANCELLED
TXN_59b8bc2a19db,ACC_3869fa8a8daf,2024-08-31 00:00:00,22508.99,EUR,TRANSFER,MER_38e4093843e0,CANCELLED
TXN_1a9a8ce577d6,ACC_26aa911bed8a,2024-02-09 00:00:00,35680.11,EUR,TRANSFER,MER_66bf033a9b9a,COMPLETED
TXN_2a99b1fed1b3,ACC_9f0573e0d95b,2024-12-21 00:00:00,7648.74,EUR,DEBIT,MER_a101033167bd,FAILED
TXN_40699a392bbe,ACC_b9e1e238baee,2024-04-15 00:00:00,41646.23,JPY,REFUND,MER_89c8b098dde5,COMPLETED
TXN_32596fdd5cdd,ACC_3840cf662cf1,2024-07-13 00:00:00,23854.22,GBP,TRANSFER,MER_1cc12a612f51,CANCELLED
TXN_c0953ae8b213,ACC_4d18dae716d6,2024-11-04 00:00:00,44891.59,JPY,CREDIT,MER_f86dc66283e0,CANCELLED
TXN_0468d24bf53b,ACC_ff1948e6f801,2024-12-13 00:00:00,39909.13,EUR,PAYMENT,MER_bf6580570b4c,COMPLETED
TXN_8d66ae760219,ACC_63231a1ffabf,2024-12-05 00:00:00,1364.83,JPY,CREDIT,MER_18a5ea11815a,PENDING
TXN_480548fd4a6b,ACC_1543df1cdb43,2024-04-18 00:00:00,22740.42,GBP,PAYMENT,MER_888d8c06491e,CANCELLED
TXN_f48bd15c9ab4,ACC_a7f920b28850,2024-01-10 00:00:00,37453.72,USD,TRANSFER,MER_c43736fb8e7b,COMPLETED
TXN_094f526de49c,ACC_aa03b12e7663,2024-01-16 00:00:00,47481.09,EUR,DEBIT,MER_39a26d47b6e7,PENDING
TXN_19f1351013b1,ACC_ec25a4daba9a,2024-10-15 00:00:00,47388.37,JPY,TRANSFER,MER_5a4012796ea6,PENDING
TXN_f69495ac85fc,ACC_6daada84ebcf,2024-02-28 00:00:00,38891.82,EUR,TRANSFER,MER_a91289bdc98e,COMPLETED
TXN_e0ca7871d430,ACC_8f916a8776d6,2024-07-11 00:00:00,19838.76,EUR,DEBIT,MER_7715f9fae6a3,PENDING
TXN_f636e38e7b44,ACC_00a3fc69d314,2024-12-16 00:00:00,30024.58,USD,REFUND,MER_e097c992d7cc,FAILED
TXN_3173e87471ab,ACC_4fe68dd07a61,2024-02-05 00:00:00,25302.98,GBP,DEBIT,MER_0865b31b79af,CANCELLED
TXN_c4551d169398,ACC_55fe39651992,2024-11-21 00:00:00,44579.83,JPY,CREDIT,MER_b19b1ec10759,FAILED
TXN_54d01ccbb264,ACC_8860e9fe6b85,2024-09-04 00:00:00,23249.04,CNY,TRANSFER,MER_8d50bcad2020,PENDING
TXN_78f228aa8b92,ACC_663838764345,2024-08-18 00:00:00,12200.73,JPY,REFUND,MER_14f79ccdc80d,CANCELLED
TXN_04ea53993db7,ACC_49bc3629c80a,2024-06-15 00:00:00,9100.17,EUR,TRANSFER,MER_93beedf6eb4e,FAILED
TXN_e8ead7310a0a,ACC_a5ff1fbd1d33,2024-05-21 00:00:00,27793.99,CNY,CREDIT,MER_74484af308d7,CANCELLED
TXN_8dda85a71ab1,ACC_526059c8777a,2024-12-19 00:00:00,23809.89,JPY,PAYMENT,MER_b9fc6bd2853a,COMPLETED
TXN_41e32997dce2,ACC_282c8e320664,2024-05-04 00:00:00,15317.24,CNY,TRANSFER,MER_93a94c3274c8,FAILED
TXN_6a4871d2e0eb,ACC_61853d9627af,2024-06-18 00:00:00,17597.01,JPY,TRANSFER,MER_e5af4655b1fb,PENDING
TXN_0831179aa02a,ACC_a732ae6fe471,2024-03-02 00:00:00,37146.62,EUR,CREDIT,MER_9a0be292be9a,CANCELLED
TXN_bce513ea962e,ACC_de261f8c9b14,2024-09-25 00:00:00,29843.57,USD,CREDIT,MER_2958072589c8,FAILED
TXN_96f2a612425c,ACC_f67e99ad4346,2024-09-30 00:00:00,6337.88,USD,DEBIT,MER_e4ff1a3a1ac2,PENDING
TXN_ba9ba797e0a0,ACC_fb8a6665c216,2024-02-22 00:00:00,43637.26,CNY,TRANSFER,MER_f6f9ba50390c,CANCELLED
TXN_589c4cf7c70c,ACC_fb247bc7400b,2024-05-09 00:00:00,47053.77,JPY,DEBIT,MER_2d93dedba137,CANCELLED
TXN_2d8cb949373d,ACC_b6ed119782d7,2024-12-17 00:00:00,2689.92,EUR,REFUND,MER_84b77934bf1b,COMPLETED
TXN_f21c5ddccd66,ACC_24faba8361e1,2024-08-01 00:00:00,30319.82,CNY,CREDIT,MER_2eebbdbc9c1e,CANCELLED
TXN_f85f1bee5702,ACC_fd7b8544e95b,2024-10-28 00:00:00,49501.66,GBP,REFUND,MER_79677f755e3a,COMPLETED
TXN_412134d774a6,ACC_a106b139b924,2024-04-18 00:00:00,13239.66,USD,CREDIT,MER_763e5af1d1d5,COMPLETED
TXN_a2fd2eec1dba,ACC_49f661f4137e,2024-12-18 00:00:00,29694.62,GBP,DEBIT,MER_dd32f9a139b7,FAILED
TXN_f79f3fc6a86e,ACC_3a0f69377466,2024-12-17 00:00:00,11678.86,GBP,REFUND,MER_75f9d3bb445f,PENDING
TXN_35386819ab59,ACC_cd1dc16cb9cd,2024-11-27 00:00:00,7457.98,GBP,CREDIT,MER_b4bfbe059c44,PENDING
TXN_6f3d3a26326a,ACC_febbd9faf194,2024-10-18 00:00:00,46060.41,JPY,DEBIT,MER_60d9ff860118,FAILED
TXN_b8cf71c76b98,ACC_fe9e5d57e026,2024-09-13 00:00:00,27003.68,JPY,DEBIT,MER_b8fb9979f480,CANCELLED
TXN_dac45618f29f,ACC_51541f23ab6c,2024-01-14 00:00:00,4575.43,CNY,REFUND,MER_4c56e6c87938,FAILED
TXN_f15fb0de1b25,ACC_c8da1ee64d84,2024-03-30 00:00:00,23530.34,JPY,TRANSFER,MER_8605699b127d,CANCELLED
TXN_e9aa4ba84991,ACC_49acf085c51e,2024-02-16 00:00:00,23505.82,JPY,TRANSFER,MER_f09fb498b5ef,COMPLETED
TXN_9cece4392fc6,ACC_e77c95617be3,2024-12-21 00:00:00,24778.5,JPY,REFUND,MER_7dd6ff0b7fa4,COMPLETED
TXN_363095d00b19,ACC_9a14105d6eb4,2024-07-25 00:00:00,43246.88,USD,REFUND,MER_09733991802a,COMPLETED
TXN_c9e6222ee276,ACC_0f7cd0232002,2024-09-12 00:00:00,31274.18,USD,CREDIT,MER_7e0291ffbf6d,PENDING
TXN_fb2fb131e3a0,ACC_77b720590e91,2024-12-23 00:00:00,24240.74,USD,REFUND,MER_6de93cac0909,PENDING
TXN_6f6abcb8b4ba,ACC_924cfa29db00,2024-07-27 00:00:00,4669.53,USD,PAYMENT,MER_64f646c7a7d8,PENDING
TXN_1a36dff0ef19,ACC_2717ca79467f,2024-09-17 00:00:00,35273.53,JPY,PAYMENT,MER_c80712ac62d7,PENDING
TXN_33af181f5431,ACC_6483a19a1309,2024-04-07 00:00:00,46094.19,CNY,CREDIT,MER_978fb221821f,FAILED
TXN_60209d3eb87a,ACC_47f26088a8b4,2024-06-23 00:00:00,46713.08,CNY,TRANSFER,MER_228c1ea3cca7,FAILED
TXN_d937eb392f22,ACC_7c22aa4cff97,2024-10-23 00:00:00,49945.13,JPY,CREDIT,MER_8c438cbb16b8,CANCELLED
TXN_f355bac4a729,ACC_5f72d4e45d39,2024-10-05 00:00:00,18866.73,GBP,CREDIT,MER_48e680e137f6,PENDING
TXN_2eb07fe5ca4f,ACC_62cf41432c2d,2024-07-29 00:00:00,2191.93,JPY,PAYMENT,MER_7139e88322b1,PENDING
TXN_2ef350cf0c29,ACC_e2d230b7405a,2024-09-14 00:00:00,48268.03,GBP,DEBIT,MER_cdd9409f86f2,CANCELLED
TXN_f2b3ed537847,ACC_db350fc60fa6,2024-01-08 00:00:00,36124.97,JPY,CREDIT,MER_f1e74fa54f9f,FAILED
TXN_59c6dd5a2d85,ACC_80e664189582,2024-11-28 00:00:00,4024.96,GBP,REFUND,MER_18090ff316b4,FAILED
TXN_edf882712ada,ACC_42ff7ddd98cb,2024-09-06 00:00:00,43620.43,USD,REFUND,MER_dd4dddc49f0f,FAILED
TXN_517356e15493,ACC_cddc26ae7ecc,2024-08-10 00:00:00,48917.1,USD,PAYMENT,MER_c04fbf862b71,FAILED
TXN_2fbf089d43f5,ACC_6d4d61479a7f,2024-01-29 00:00:00,14675.46,GBP,PAYMENT,MER_95767013be2c,CANCELLED
TXN_560a357905ec,ACC_1dd0f04fd29d,2024-03-28 00:00:00,8761.72,CNY,PAYMENT,MER_e1be8c3ec970,PENDING
TXN_963c31087ad3,ACC_cf1d0bcd6102,2024-04-28 00:00:00,23062.88,GBP,PAYMENT,MER_940894ce3433,COMPLETED
TXN_8d2833f2fb2c,ACC_ae30765e22fb,2024-05-27 00:00:00,33883.77,EUR,DEBIT,MER_4ed6d8faffc2,FAILED
TXN_2c28c31cc5b1,ACC_a4d8316604fe,2024-08-05 00:00:00,34518.77,JPY,TRANSFER,MER_e5bc35c984c4,CANCELLED
TXN_ced412498f4b,ACC_33aa76692aa1,2024-07-14 00:00:00,28600.42,CNY,TRANSFER,MER_65618a76229d,FAILED
TXN_c93440601ebd,ACC_9bfbe18e8461,2024-07-21 00:00:00,13731.27,CNY,DEBIT,MER_458ca6f6f0e3,CANCELLED
TXN_fae523069fe6,ACC_ee7ee731ea25,2024-04-27 00:00:00,30357.18,GBP,CREDIT,MER_43f0a0b39bae,FAILED
TXN_221fd24a443c,ACC_5de874335888,2024-12-03 00:00:00,34045.95,EUR,DEBIT,MER_1b70faf98eab,COMPLETED
TXN_3c56dee25ad3,ACC_f38cfd5df68b,2024-10-23 00:00:00,18249.41,EUR,DEBIT,MER_84983c0f587b,FAILED
TXN_4d562db5b723,ACC_03526c12164a,2024-03-08 00:00:00,39327.78,GBP,REFUND,MER_2828cc4d5f7c,FAILED
TXN_4c6ac8d3b15f,ACC_86be814e38a3,2024-09-03 00:00:00,48369.53,GBP,TRANSFER,MER_fde0b6c29d73,CANCELLED
TXN_5bb0a20cf0ff,ACC_5faed0cb2225,2024-04-25 00:00:00,43008.43,JPY,REFUND,MER_8796673d18b3,CANCELLED
TXN_ef6990cf7789,ACC_b745f26be092,2024-08-20 00:00:00,18435.6,GBP,REFUND,MER_4af051f39a15,FAILED
TXN_d7e5c67c89f0,ACC_e9101e68611a,2024-01-13 00:00:00,30981.15,CNY,TRANSFER,MER_efda78513614,PENDING
TXN_d9bc39ec79ad,ACC_230b91867935,2024-08-25 00:00:00,45470.29,GBP,PAYMENT,MER_ff47c9d5e519,COMPLETED
TXN_45ac3487ae18,ACC_96625ddee53f,2024-09-09 00:00:00,5814.86,EUR,REFUND,MER_cc80e8349dd6,CANCELLED
TXN_72a79da731e8,ACC_552e90503067,2024-12-22 00:00:00,47299.24,JPY,REFUND,MER_2c1bdd1027e7,PENDING
TXN_bf6fe3801afd,ACC_a3f700329dbf,2024-09-07 00:00:00,30786.45,GBP,DEBIT,MER_3cf389ae40d3,PENDING
TXN_cf3b02477650,ACC_46336bc4e818,2024-07-04 00:00:00,4976.74,GBP,REFUND,MER_2555b6a079a7,FAILED
TXN_99b0a40241c3,ACC_f6638c5359ad,2024-03-03 00:00:00,47451.05,JPY,DEBIT,MER_4f43c552190e,COMPLETED
TXN_a3567da99ae0,ACC_716b86667d02,2024-03-05 00:00:00,39351.04,EUR,DEBIT,MER_4ea590afa041,PENDING
TXN_f5964ce620a2,ACC_a8256d7e54fd,2024-04-29 00:00:00,16434.69,EUR,REFUND,MER_82306b1a20dd,PENDING
TXN_4408445e28de,ACC_e60787445374,2024-03-30 00:00:00,5505.22,USD,CREDIT,MER_e82835accc66,PENDING
TXN_7cec4c4a16e7,ACC_6b0c9a288062,2024-05-15 00:00:00,2629.43,JPY,REFUND,MER_5ccd4c118248,COMPLETED
TXN_9fc18081f164,ACC_4b58c114b0b2,2024-09-19 00:00:00,29687.36,JPY,REFUND,MER_7cd5bd852eb7,COMPLETED
TXN_f45ae59e2ed0,ACC_b04df6aa0f71,2024-12-03 00:00:00,26077.35,JPY,DEBIT,MER_64cfe25080f1,CANCELLED
TXN_4abb8299ee4c,ACC_ffb27befc144,2024-02-25 00:00:00,24518.54,JPY,DEBIT,MER_ea5c598670ee,FAILED
TXN_87e63d23fda5,ACC_87bdcb0da1ba,2024-05-20 00:00:00,31219.63,CNY,REFUND,MER_65114b0265ef,CANCELLED
TXN_fb9edf87b963,ACC_40bbce04c077,2024-08-20 00:00:00,25282.5,JPY,DEBIT,MER_dc1aea5a5659,COMPLETED
TXN_ea724aa3467a,ACC_c2bf324c5ea2,2024-10-09 00:00:00,36044.79,EUR,PAYMENT,MER_5e8d90265bf1,PENDING
TXN_5ca602e16ab5,ACC_b08182e4704e,2024-07-23 00:00:00,20805.32,USD,TRANSFER,MER_41891136786a,FAILED
TXN_7bb6fc4efe10,ACC_9c671893a254,2024-08-30 00:00:00,3365.99,USD,DEBIT,MER_65124eed2e11,FAILED
TXN_5b760cfce44e,ACC_fb8cc4729ea7,2024-10-27 00:00:00,47831.66,CNY,TRANSFER,MER_1fb295da3070,CANCELLED
TXN_0c8db1cdca8e,ACC_85f3b80908d1,2024-08-04 00:00:00,43405.93,USD,TRANSFER,MER_aa56dd673ad8,FAILED
TXN_d7b4791b1bb4,ACC_e54e42955901,2024-03-20 00:00:00,32840.25,EUR,DEBIT,MER_99942b7d6875,FAILED
TXN_7504602e8ad7,ACC_5a9297b6f15d,2024-04-25 00:00:00,40363.0,CNY,REFUND,MER_7a12e56f9eb5,COMPLETED
TXN_1c76af7f31da,ACC_e2bf17b464d5,2024-12-21 00:00:00,13379.71,EUR,TRANSFER,MER_4d3d5e95769d,FAILED
TXN_97cefe180866,ACC_af58ab02ee0a,2024-04-02 00:00:00,43494.44,CNY,PAYMENT,MER_cdb69b7680f4,COMPLETED
TXN_514215d75927,ACC_008df3bd028c,2024-07-11 00:00:00,20997.43,GBP,CREDIT,MER_d2ee4305473f,FAILED
TXN_f20da677a2c0,ACC_6cf400acfd7d,2024-02-13 00:00:00,44168.28,EUR,CREDIT,MER_465944c0f0bb,COMPLETED
TXN_869f73e21ab9,ACC_ad61da90b490,2024-12-04 00:00:00,21206.5,CNY,PAYMENT,MER_661d8a47976e,PENDING
TXN_5be217607699,ACC_b61b2e8491fe,2024-08-08 00:00:00,5553.38,CNY,PAYMENT,MER_70d46b92147f,FAILED
TXN_f40a3fac171d,ACC_325a37cd5412,2024-11-02 00:00:00,2748.55,EUR,TRANSFER,MER_008bddda200b,PENDING
TXN_a6e218381f98,ACC_5e3f569189c5,2024-03-02 00:00:00,396.42,JPY,CREDIT,MER_3daad32de41f,PENDING
TXN_5eb036df10e9,ACC_d650d026800f,2024-06-30 00:00:00,3613.05,USD,PAYMENT,MER_8994743db0d5,COMPLETED
TXN_d99d6518eadd,ACC_ba9f5accdbf2,2024-10-20 00:00:00,20227.1,JPY,TRANSFER,MER_67e1a20aef0f,COMPLETED
TXN_8d6c5d6a2952,ACC_12e4130974e8,2024-11-12 00:00:00,23010.24,GBP,DEBIT,MER_9008753f597a,COMPLETED
TXN_07137cd83a0e,ACC_2df1e2fe0fe1,2024-09-25 00:00:00,3941.57,GBP,TRANSFER,MER_66060e77677c,PENDING
TXN_7a1a429a3932,ACC_0fb5a25b5178,2024-09-28 00:00:00,25502.5,GBP,TRANSFER,MER_5eb75aaa7261,PENDING
TXN_1f164c509e3f,ACC_e637fbdac711,2024-04-11 00:00:00,8683.22,EUR,DEBIT,MER_14682654d17b,CANCELLED
TXN_0f94178b0c82,ACC_e8c6eadf8e80,2024-10-23 00:00:00,22450.77,CNY,REFUND,MER_b57784fa3449,FAILED
TXN_06be008394e6,ACC_ed5a784059c7,2024-08-14 00:00:00,31572.94,GBP,REFUND,MER_e0682c5272bf,COMPLETED
TXN_e90b4ac7a086,ACC_8e921901c4c4,2024-01-30 00:00:00,18443.19,GBP,DEBIT,MER_97e5b4ba3d35,COMPLETED
TXN_61e3cf32fa9e,ACC_4f29a2daccec,2024-08-24 00:00:00,29020.67,USD,PAYMENT,MER_f729c306c78a,PENDING
TXN_5d6aec64a31f,ACC_ba01ede7d640,2024-03-18 00:00:00,47886.54,JPY,DEBIT,MER_6b3d770e7b12,FAILED
TXN_7cb879dcd063,ACC_e78b68fa38ca,2024-11-26 00:00:00,8636.22,EUR,PAYMENT,MER_54f2270d15e2,PENDING
TXN_53192c47660b,ACC_5920423853a4,2024-07-17 00:00:00,20444.38,GBP,REFUND,MER_701f9c0874cb,FAILED
TXN_83939b3a588b,ACC_639b2a5ae19e,2024-12-13 00:00:00,19334.34,GBP,REFUND,MER_8a9640eb8ee9,FAILED
TXN_c17659c80e79,ACC_85bc48759d45,2024-06-28 00:00:00,15518.48,JPY,CREDIT,MER_6e4778564132,COMPLETED
TXN_171719aa7715,ACC_4322844ef9b5,2024-06-17 00:00:00,40661.11,CNY,DEBIT,MER_d8ee35a50fbd,CANCELLED
TXN_3d65050ba7f4,ACC_3cee2079ac12,2024-06-07 00:00:00,9021.34,EUR,TRANSFER,MER_a0de73723c28,CANCELLED
TXN_c721cd2a2140,ACC_8d5da99add9f,2024-03-20 00:00:00,3867.48,USD,REFUND,MER_c1fe359a5aa9,COMPLETED
TXN_2aff76a9e335,ACC_6bf3c7faf2cc,2024-11-12 00:00:00,6561.14,JPY,CREDIT,MER_26c570a8fb58,PENDING
TXN_9e2d15345bb5,ACC_29ac0afb44b0,2024-07-05 00:00:00,33821.38,EUR,PAYMENT,MER_895e2771c38a,CANCELLED
TXN_e633106c69ba,ACC_369edd839736,2024-08-28 00:00:00,45199.68,EUR,TRANSFER,MER_859351d6e87e,CANCELLED
TXN_4f1649799a39,ACC_0b417eb289de,2024-07-14 00:00:00,25150.31,JPY,CREDIT,MER_2f108e7cd580,PENDING
TXN_fdc2f8a63afd,ACC_968626c39234,2024-09-03 00:00:00,43707.11,CNY,DEBIT,MER_bc105b7435ba,COMPLETED
TXN_0b5c0847493b,ACC_bd33fa2bfe07,2024-05-19 00:00:00,22471.47,CNY,CREDIT,MER_27d02513f2c1,COMPLETED
TXN_387b867144bd,ACC_0d8aecb6adc7,2024-08-18 00:00:00,44232.64,USD,PAYMENT,MER_a7eb1b35ed2a,FAILED
TXN_28edce4d7459,ACC_29555beb57e5,2024-07-10 00:00:00,11234.69,GBP,DEBIT,MER_ff499cf9c71f,FAILED
TXN_ba9360ff9795,ACC_49a6d44ac57a,2024-05-26 00:00:00,45870.63,JPY,CREDIT,MER_f78bdad2f040,CANCELLED
TXN_ab84b0ce6ab1,ACC_200813e0953b,2024-02-10 00:00:00,960.0,EUR,CREDIT,MER_9a616788f6fa,CANCELLED
TXN_1693f410763f,ACC_dc3e0dcfb342,2024-06-03 00:00:00,6101.2,EUR,PAYMENT,MER_d3f221ffe2c7,CANCELLED
TXN_5cc92727d426,ACC_29e4a6c1abc9,2024-09-12 00:00:00,29840.98,USD,REFUND,MER_5b631037a494,PENDING
TXN_efff47835a4a,ACC_aa374d7f21f5,2024-06-29 00:00:00,12035.81,JPY,CREDIT,MER_e4c29c576e40,COMPLETED
TXN_150243c768dc,ACC_452a02383102,2024-09-26 00:00:00,27208.66,CNY,REFUND,MER_2037b1a8c10d,CANCELLED
TXN_1fae90a23550,ACC_ec8be1919d49,2024-07-10 00:00:00,12689.98,USD,TRANSFER,MER_1bfe96f97a0b,FAILED
TXN_677792bf448f,ACC_936858c204a3,2024-02-23 00:00:00,38577.35,GBP,CREDIT,MER_bf1050cbc7d1,FAILED
TXN_f623b80b4dad,ACC_033f8e5c97e6,2024-12-16 00:00:00,23236.5,JPY,CREDIT,MER_5c5bfff1be5f,COMPLETED
TXN_56de1645b61f,ACC_6720842371cf,2024-01-19 00:00:00,14679.19,USD,CREDIT,MER_f1a5fdcc481e,FAILED
TXN_86ecdb51cfa0,ACC_ce42edfe0151,2024-10-05 00:00:00,23675.25,USD,CREDIT,MER_54cb1bfa8714,COMPLETED
TXN_415da2949d05,ACC_0a98bf923a89,2024-03-04 00:00:00,39969.13,JPY,PAYMENT,MER_992529124b8c,CANCELLED
TXN_9f30bd7995cc,ACC_b244a99fb19f,2024-12-20 00:00:00,24881.19,CNY,TRANSFER,MER_032b5620a2b1,CANCELLED
TXN_ee564ac6c6a7,ACC_6e777dfdc3a0,2024-04-02 00:00:00,27278.27,GBP,DEBIT,MER_27666433b69d,FAILED
TXN_069bae896e59,ACC_d45626864fd1,2024-08-06 00:00:00,8340.57,JPY,TRANSFER,MER_65c81a1e85e9,FAILED
TXN_6a878cde02b1,ACC_ee0fc2fa18a7,2024-11-23 00:00:00,49001.56,USD,DEBIT,MER_408eb4ca9904,CANCELLED
TXN_7715e02a8cec,ACC_4f696e34411f,2024-12-13 00:00:00,8007.74,USD,CREDIT,MER_340bdb00339a,CANCELLED
TXN_caadda70d406,ACC_a9f2692c56ca,2024-11-26 00:00:00,18322.76,JPY,REFUND,MER_401ee6dbc0e9,PENDING
TXN_243a9c9e04b2,ACC_0e7032f5b5af,2024-07-09 00:00:00,22202.53,USD,REFUND,MER_65d69e378a84,FAILED
TXN_b30c6e53480d,ACC_cea1e0dadb51,2024-05-07 00:00:00,48026.4,USD,CREDIT,MER_54af2712a98d,CANCELLED
TXN_0691091279f2,ACC_c9b48e1c42bf,2024-05-13 00:00:00,35204.85,EUR,REFUND,MER_011849f516a1,CANCELLED
TXN_a747acd4caa6,ACC_5669de53f253,2024-02-07 00:00:00,22607.61,JPY,DEBIT,MER_63e50193c376,FAILED
TXN_5c408e527e85,ACC_2fbf68b07cbe,2024-10-08 00:00:00,27113.15,GBP,CREDIT,MER_25dbb0857437,PENDING
TXN_6e3a4367d011,ACC_2a954c49ddba,2024-03-03 00:00:00,49256.78,EUR,CREDIT,MER_2da4344a7c8a,COMPLETED
TXN_f5f353bc8823,ACC_534faeff714a,2024-08-27 00:00:00,40185.05,CNY,CREDIT,MER_56df9ed405b8,COMPLETED
TXN_66981b373660,ACC_ce4d7ca90a10,2024-09-02 00:00:00,26289.53,JPY,REFUND,MER_e2acf19e9bf2,FAILED
TXN_cef33e548a3e,ACC_5ae41c55355f,2024-12-14 00:00:00,25872.83,EUR,REFUND,MER_19f7bf17b57a,PENDING
TXN_068e99d2ddd7,ACC_1a37cf14f56b,2024-09-14 00:00:00,45536.51,USD,DEBIT,MER_e886488699b6,FAILED
TXN_886dda53fed5,ACC_6a15313f4e8b,2024-12-29 00:00:00,11281.26,CNY,TRANSFER,MER_1f5bc27bef08,FAILED
TXN_a7371b0ad2d1,ACC_0c8001f5c0ac,2024-05-20 00:00:00,6267.26,GBP,REFUND,MER_b3d8d150b0c2,PENDING
TXN_b6b32a6e8cf7,ACC_dc3f66bea50a,2024-03-28 00:00:00,32940.06,CNY,TRANSFER,MER_d9257a5554c5,COMPLETED
TXN_30a42ebf7f7d,ACC_1a431e473af0,2024-01-24 00:00:00,47427.86,CNY,TRANSFER,MER_d2b7348ff8c5,CANCELLED
TXN_c60b3ed23447,ACC_e1d7a0c64143,2024-11-17 00:00:00,27283.42,GBP,PAYMENT,MER_e2df29f8fa31,CANCELLED
TXN_f7e11484264b,ACC_85660e945b32,2024-01-31 00:00:00,7912.44,JPY,PAYMENT,MER_cc8349bccd53,FAILED
TXN_850f022c78ec,ACC_82fe7ec21f69,2024-06-12 00:00:00,36712.65,GBP,PAYMENT,MER_f828d7c401b5,FAILED
TXN_8c8da71e0df8,ACC_4de723232630,2024-05-03 00:00:00,23328.96,GBP,PAYMENT,MER_4332ab2f1da5,COMPLETED
TXN_91f07248513b,ACC_4edfc7258dd7,2024-11-11 00:00:00,20912.56,EUR,TRANSFER,MER_5d1df7d839b0,FAILED
TXN_69f1f3a37476,ACC_b8bdc73cd13b,2024-09-20 00:00:00,23346.09,GBP,PAYMENT,MER_bab55432f564,CANCELLED
TXN_11d4d5fa4963,ACC_ed5693decd62,2024-04-20 00:00:00,29171.37,USD,DEBIT,MER_a3878e8d6cd2,CANCELLED
TXN_d81ac257e701,ACC_80ef4801df03,2024-02-25 00:00:00,21552.08,GBP,TRANSFER,MER_62eda05f1bca,FAILED
TXN_b8b513d20ddd,ACC_a4f2a14dfe8a,2024-10-14 00:00:00,9740.82,CNY,TRANSFER,MER_4aab643a5a25,CANCELLED
TXN_aa25a7155f5e,ACC_2bd6a465ab74,2024-11-15 00:00:00,34023.13,USD,CREDIT,MER_1955c8a49371,CANCELLED
TXN_a7fdb184a4cf,ACC_5f7be4dbe2df,2024-10-12 00:00:00,46948.04,EUR,CREDIT,MER_25332159e830,CANCELLED
TXN_0bb530e32aec,ACC_172b923de7a7,2024-03-11 00:00:00,35682.46,JPY,REFUND,MER_a5a41fab16d6,PENDING
TXN_213c6e5fbe67,ACC_658374985fda,2024-03-24 00:00:00,19653.8,CNY,TRANSFER,MER_d43fe27c2559,CANCELLED
TXN_f4c33171064e,ACC_387a7ad95e5a,2024-01-09 00:00:00,18424.21,USD,PAYMENT,MER_8c8364fa889c,COMPLETED
TXN_3f27b03c9e52,ACC_291f1ea2d4c6,2024-12-01 00:00:00,39147.37,CNY,REFUND,MER_e01a38da4729,COMPLETED
TXN_1c7ec9112bd0,ACC_30aed5126e90,2024-11-18 00:00:00,36061.93,JPY,CREDIT,MER_fb5df38a4213,PENDING
TXN_75783ae54372,ACC_6b43e362f516,2024-02-26 00:00:00,9547.31,JPY,TRANSFER,MER_610528a7086b,CANCELLED
TXN_74804324902a,ACC_560e732e33cc,2024-11-09 00:00:00,46026.84,USD,CREDIT,MER_e7cd99f4faad,FAILED
TXN_47349a98f6d6,ACC_8906e08ef0a2,2024-07-11 00:00:00,15694.49,EUR,PAYMENT,MER_eac4bb06803a,FAILED
TXN_69e53ce51706,ACC_2c08f496008b,2024-12-14 00:00:00,32169.02,GBP,REFUND,MER_66f03e4111e4,PENDING
TXN_2a9c1d622dca,ACC_308c1d7fadf1,2024-06-01 00:00:00,38561.0,EUR,PAYMENT,MER_bd2c7b413787,FAILED
TXN_47d35c4ed335,ACC_133948e9bf32,2024-05-20 00:00:00,14396.59,CNY,REFUND,MER_ee197521bd77,CANCELLED
TXN_41fbc9bb49e7,ACC_c9a5ad9f5ac1,2024-03-15 00:00:00,14529.73,GBP,DEBIT,MER_1db09e25fb2a,CANCELLED
TXN_933facdc0c0d,ACC_5eb8c7d095b2,2024-04-19 00:00:00,10111.38,CNY,TRANSFER,MER_69f240532217,FAILED
TXN_76bb72cc40fe,ACC_e173984ed5a8,2024-10-27 00:00:00,11971.71,USD,REFUND,MER_d2995260f7cb,PENDING
TXN_f741a81da05a,ACC_d92d4f80383e,2024-08-29 00:00:00,5036.24,EUR,DEBIT,MER_d170d0d32b38,PENDING
TXN_946f912e2df4,ACC_97e8aeb6c96f,2024-08-31 00:00:00,23877.65,EUR,TRANSFER,MER_c364ff6561c5,COMPLETED
TXN_4b380da3fcc5,ACC_79908c50857e,2024-10-20 00:00:00,11618.69,USD,CREDIT,MER_abee2bd6a27f,PENDING
TXN_c15e0c99e44b,ACC_8c3758e0aae5,2024-07-22 00:00:00,39400.15,EUR,TRANSFER,MER_afef739306b1,COMPLETED
TXN_92a84dd5a251,ACC_e6bf338b618d,2024-06-20 00:00:00,14235.24,CNY,REFUND,MER_38ea03cb0ff8,PENDING
TXN_865370e18c28,ACC_3b9b154918a2,2024-04-08 00:00:00,40442.61,GBP,CREDIT,MER_cc20472fbb03,FAILED
TXN_a0cedd8a6c6c,ACC_f13306d7e4a2,2024-06-21 00:00:00,39540.48,CNY,CREDIT,MER_1da6388545a0,CANCELLED
TXN_7baf054957c3,ACC_55b27286c70d,2024-02-14 00:00:00,20047.65,USD,CREDIT,MER_afe2ae9197a9,CANCELLED
TXN_736620c768d4,ACC_ee6920bc0c5a,2024-05-13 00:00:00,19184.88,JPY,TRANSFER,MER_f8c4c02f4633,FAILED
TXN_112a6222276c,ACC_a207d5a4d4ca,2024-05-13 00:00:00,32687.63,EUR,DEBIT,MER_24efb3dcb9bb,CANCELLED
TXN_5c71a415022e,ACC_a5f14614b7df,2024-09-14 00:00:00,46156.07,GBP,DEBIT,MER_1a2fbf9f1623,FAILED
TXN_d0e738fabf3c,ACC_aed58868a50e,2024-03-09 00:00:00,23914.31,JPY,REFUND,MER_ca511dedc477,CANCELLED
TXN_6b79ba394894,ACC_ed6b20923832,2024-04-21 00:00:00,38095.36,CNY,DEBIT,MER_148773c65923,FAILED
TXN_8101e28906fa,ACC_0027242f36fe,2024-02-01 00:00:00,41440.41,CNY,CREDIT,MER_21693ac3bb3d,PENDING
TXN_73565f0a2982,ACC_4a9b920f17dd,2024-08-14 00:00:00,5820.84,EUR,REFUND,MER_8203a3ddd036,CANCELLED
TXN_d2bf5ad95f37,ACC_ec9238bb6559,2024-09-19 00:00:00,20777.07,CNY,DEBIT,MER_67e030c09260,FAILED
TXN_af40576c20e3,ACC_1c0c9d91f70e,2024-01-02 00:00:00,37292.77,CNY,DEBIT,MER_ab1d45466ed6,FAILED
TXN_b49eb7fec408,ACC_270260250254,2024-01-31 00:00:00,46729.79,USD,PAYMENT,MER_2a96a0f507b1,CANCELLED
TXN_38dcbc98becf,ACC_74bf7cc91b49,2024-11-24 00:00:00,48916.88,JPY,TRANSFER,MER_22f3a4856bb5,CANCELLED
TXN_e1cc57bb2ccf,ACC_ae77dd18adaa,2024-07-12 00:00:00,18788.52,CNY,CREDIT,MER_37652251c4a1,FAILED
TXN_7aa1fdb1c041,ACC_a1516bc0f28c,2024-07-20 00:00:00,26446.84,EUR,DEBIT,MER_36eb077c3e4e,FAILED
TXN_59c7a5f448d4,ACC_f683cceee65d,2024-08-05 00:00:00,26601.36,EUR,CREDIT,MER_f6f7d5d3af47,PENDING
TXN_5f570318431d,ACC_bdd213e7a073,2024-02-27 00:00:00,1620.54,JPY,REFUND,MER_ff20859e66d5,COMPLETED
TXN_35aa90b5227f,ACC_96b61f7ba65a,2024-10-31 00:00:00,1688.48,CNY,DEBIT,MER_5590acefc9d0,COMPLETED
TXN_a4642167f43a,ACC_48d3e845b2c7,2024-04-21 00:00:00,37721.74,USD,CREDIT,MER_cceb22bb4340,FAILED
TXN_b605c1031d8d,ACC_848c56adf3ee,2024-10-21 00:00:00,15952.0,CNY,TRANSFER,MER_20a2be12e2a9,PENDING
TXN_1eb890e34d5f,ACC_367e49787be3,2024-07-30 00:00:00,15032.04,USD,REFUND,MER_ce4f136ad40d,PENDING
TXN_e73a9fa8f058,ACC_d62aa55bf717,2024-09-10 00:00:00,2353.74,GBP,PAYMENT,MER_a3d1afcf457a,FAILED
TXN_cc5c3ef7e575,ACC_54aeeffd8c8d,2024-06-02 00:00:00,18829.24,CNY,PAYMENT,MER_fcce1b2c7760,PENDING
TXN_0e6f76ae3bbd,ACC_af4c1b841780,2024-08-25 00:00:00,45737.91,CNY,PAYMENT,MER_50b4797bbdff,PENDING
TXN_d3c65f90a485,ACC_b3e7d0ab9899,2024-06-18 00:00:00,32338.83,JPY,TRANSFER,MER_779cbff2a062,PENDING
TXN_304c1df25385,ACC_2924d4788a68,2024-11-05 00:00:00,30150.07,USD,CREDIT,MER_8f89bb10ddec,PENDING
TXN_88f0412f985e,ACC_0cd939d576fc,2024-06-19 00:00:00,15166.37,USD,CREDIT,MER_92582fcf1140,COMPLETED
TXN_86fd71d58a8e,ACC_85490ad5bb9c,2024-05-04 00:00:00,34784.36,EUR,PAYMENT,MER_d4992ed43538,FAILED
TXN_c2541cd716fa,ACC_9f5c3a7cc410,2024-09-30 00:00:00,32439.58,GBP,TRANSFER,MER_0f704bfca177,CANCELLED
TXN_62e8f8cf2a48,ACC_db30265d278d,2024-08-28 00:00:00,38083.83,GBP,CREDIT,MER_9d93659cd97a,CANCELLED
TXN_6110162a3962,ACC_68c6956686c3,2024-03-15 00:00:00,820.83,CNY,REFUND,MER_edf7af1fa97a,CANCELLED
TXN_112595ce03b7,ACC_da72ca1fb807,2024-04-27 00:00:00,18998.19,EUR,PAYMENT,MER_adf66b573d09,FAILED
TXN_f4d686b6a8e4,ACC_ce2b3157e5da,2024-11-24 00:00:00,36982.31,JPY,CREDIT,MER_6d0cf2861390,FAILED
TXN_1572b0481e9d,ACC_ba6e17e6691a,2024-09-07 00:00:00,9210.55,CNY,DEBIT,MER_0958b31fdcdb,COMPLETED
TXN_fdcc31c38246,ACC_34c2e33df07a,2024-01-04 00:00:00,20625.49,EUR,DEBIT,MER_80d9d6614d29,COMPLETED
TXN_96816afe74c4,ACC_95cb7c476d13,2024-01-31 00:00:00,30895.58,CNY,PAYMENT,MER_dcd997dd8752,COMPLETED
TXN_b31c380566d0,ACC_13ee1b2b0fd4,2024-01-07 00:00:00,846.14,GBP,REFUND,MER_16d55eeb7abe,COMPLETED
TXN_eb6c076305a9,ACC_89f0d82068ba,2024-08-08 00:00:00,40310.32,EUR,DEBIT,MER_92787669ad39,PENDING
TXN_440afdc53ed2,ACC_50809ced861e,2024-05-09 00:00:00,40762.57,GBP,PAYMENT,MER_0dd282692705,CANCELLED
TXN_dff7382977d6,ACC_d37960d0a78d,2024-12-22 00:00:00,11300.6,USD,DEBIT,MER_69e1c69a20a5,CANCELLED
TXN_c195634f891a,ACC_ee371cecbb11,2024-11-22 00:00:00,482.41,EUR,DEBIT,MER_0ee5f9f14b86,CANCELLED
TXN_974a836b900e,ACC_b168036c67fc,2024-02-18 00:00:00,44740.61,USD,CREDIT,MER_e80feaeac007,CANCELLED
TXN_618d7c5c791a,ACC_3203dde7e63a,2024-12-16 00:00:00,46279.98,CNY,REFUND,MER_088183237ae0,PENDING
TXN_088024434f28,ACC_8a009cf01a43,2024-04-16 00:00:00,29355.93,JPY,DEBIT,MER_ef5e57e61e4c,PENDING
TXN_3f0db1cea3f3,ACC_a2c006396b85,2024-12-12 00:00:00,44827.32,GBP,PAYMENT,MER_31779835577e,PENDING
TXN_2b90ff4b553c,ACC_8b5947549831,2024-02-10 00:00:00,25044.63,GBP,DEBIT,MER_b2136a7fe039,PENDING
TXN_c386300d43b7,ACC_da5079a5cfc2,2024-11-10 00:00:00,47743.37,JPY,TRANSFER,MER_ce7d8c855611,FAILED
TXN_5b968b0fba2d,ACC_618f1f5411ec,2024-04-26 00:00:00,17797.0,JPY,PAYMENT,MER_04c78d3f8f36,CANCELLED
TXN_8530aa0401f1,ACC_5d7d7c8ac8b2,2024-05-06 00:00:00,35658.3,USD,TRANSFER,MER_390d49a9ed2a,PENDING
TXN_b64edfc59d74,ACC_b1f1c268de60,2024-02-24 00:00:00,4585.11,GBP,PAYMENT,MER_0878589d0d62,FAILED
TXN_db4e505009b8,ACC_f33da813ddf4,2024-08-08 00:00:00,22447.7,CNY,REFUND,MER_e72b8245dfc7,COMPLETED
TXN_f6c77671e52a,ACC_b8be5a0f4f6f,2024-11-01 00:00:00,29906.21,GBP,PAYMENT,MER_2122135569cc,CANCELLED
TXN_4bce4e18802b,ACC_5be3ff97f799,2024-10-13 00:00:00,45261.33,EUR,REFUND,MER_486cf4075d0c,CANCELLED
TXN_dd5223d43605,ACC_8ec8e8310dbe,2024-05-17 00:00:00,24661.27,USD,CREDIT,MER_e0e5a4c0b923,CANCELLED
TXN_cf98ce976ec6,ACC_212fd186b870,2024-07-03 00:00:00,12592.47,EUR,PAYMENT,MER_4effe40963ae,PENDING
TXN_0cad3ca70d74,ACC_d8e93d24e7ec,2024-01-04 00:00:00,47441.68,GBP,REFUND,MER_458de7c16055,FAILED
TXN_2c3d3816a15b,ACC_159e573c6569,2024-11-29 00:00:00,48711.53,EUR,TRANSFER,MER_eb99f191f45b,PENDING
TXN_82ff8cf3821c,ACC_965af410e028,2024-07-22 00:00:00,48436.57,GBP,PAYMENT,MER_699210e18419,PENDING
TXN_dc525dbf1b4c,ACC_7454a67545e7,2024-07-20 00:00:00,18257.13,CNY,CREDIT,MER_bfca3925915c,PENDING
TXN_b87d2a464eec,ACC_7b894a514df8,2024-08-24 00:00:00,47149.32,EUR,PAYMENT,MER_59bf77c1995a,COMPLETED
TXN_a9d879b0b210,ACC_13f85c63ba07,2024-07-28 00:00:00,33652.15,EUR,TRANSFER,MER_b3fc0457b260,PENDING
TXN_b452a028bb43,ACC_e83cd5860002,2024-02-07 00:00:00,22458.85,CNY,PAYMENT,MER_51c13e948e95,CANCELLED
TXN_b96c36d412c3,ACC_7c3d0f9372d6,2024-07-03 00:00:00,35084.7,CNY,REFUND,MER_4d7946776e40,COMPLETED
TXN_5268f82c2ca8,ACC_6e908da0c6fb,2024-12-06 00:00:00,17756.89,CNY,DEBIT,MER_e2181fc89cdd,CANCELLED
TXN_421dbf1b911b,ACC_9d7bb602877a,2024-08-08 00:00:00,5306.17,USD,TRANSFER,MER_7275798ff33b,PENDING
TXN_19d789af67dd,ACC_3a581cc8d680,2024-12-13 00:00:00,29433.61,CNY,CREDIT,MER_701591ae8b8e,COMPLETED
TXN_5f88f026fcd1,ACC_6ef15cad6502,2024-02-13 00:00:00,5812.31,EUR,TRANSFER,MER_3e658862701b,CANCELLED
TXN_877438c2a2f7,ACC_1f8c715e32d5,2024-06-27 00:00:00,23813.36,JPY,PAYMENT,MER_96f6c949b02f,FAILED
TXN_baeb1e7f40ac,ACC_5367a28b1660,2024-01-12 00:00:00,42460.51,USD,CREDIT,MER_2e5aecd703c2,PENDING
TXN_ec799fe136fb,ACC_02da01ccce87,2024-06-18 00:00:00,27996.85,JPY,CREDIT,MER_22df308f27f4,PENDING
TXN_fb941bac26da,ACC_3ed088b46027,2024-07-21 00:00:00,1469.32,CNY,CREDIT,MER_14dc4e55c36f,CANCELLED
TXN_7b76476029a7,ACC_56d9d5c0cc34,2024-04-15 00:00:00,13924.46,USD,REFUND,MER_db7055d18470,PENDING
TXN_03855621fea9,ACC_824fa6ad3c9f,2024-02-28 00:00:00,13125.05,JPY,REFUND,MER_5c5323f737c9,FAILED
TXN_bda1d6109279,ACC_c6846b5fb648,2024-10-27 00:00:00,5720.46,GBP,PAYMENT,MER_ee8b9ab33918,FAILED
TXN_6b5603c8958a,ACC_742281930ef8,2024-12-10 00:00:00,6706.05,USD,CREDIT,MER_cfb6565cbbda,PENDING
TXN_0bf41428940f,ACC_a6594a31f458,2024-07-17 00:00:00,20917.77,EUR,REFUND,MER_4c8afc90131d,PENDING
TXN_12ba6b09dc42,ACC_328d7080c598,2024-11-26 00:00:00,46535.44,EUR,REFUND,MER_909d35337ea0,FAILED
TXN_ad7e2d55012b,ACC_6c26e7a43f9b,2024-08-18 00:00:00,30974.3,GBP,DEBIT,MER_2a46540667e5,PENDING
TXN_d9ebb6d3d6c7,ACC_b6d3f763f481,2024-09-15 00:00:00,32656.96,JPY,PAYMENT,MER_d88f3cd570d1,CANCELLED
TXN_7fa2982aa8aa,ACC_fb9e37263151,2024-01-16 00:00:00,39796.09,EUR,TRANSFER,MER_10fc4878f881,PENDING
TXN_e65175c0647c,ACC_17430b6527ed,2024-08-22 00:00:00,28286.87,JPY,REFUND,MER_b6d7bb4d0e68,COMPLETED
TXN_be299e4d7c9a,ACC_6af41c3627d8,2024-07-06 00:00:00,27106.75,USD,PAYMENT,MER_52da11be5f20,CANCELLED
TXN_37e5e87e5383,ACC_b86e4dfac873,2024-05-06 00:00:00,14892.47,USD,PAYMENT,MER_35a1fa8a6db4,COMPLETED
TXN_3f6d76aec98c,ACC_1601bb01af58,2024-05-01 00:00:00,10501.81,CNY,TRANSFER,MER_1e316104ea98,CANCELLED
TXN_287d47528134,ACC_7be124536786,2024-04-15 00:00:00,40678.36,USD,REFUND,MER_e6fd92f3b08e,FAILED
TXN_8385d92ffd71,ACC_72bb2985b066,2024-12-26 00:00:00,14638.81,CNY,TRANSFER,MER_de3c03a6ef59,COMPLETED
TXN_de532e2a9cff,ACC_b8c2d6f881cb,2024-07-29 00:00:00,45939.25,GBP,CREDIT,MER_6e9fdd565573,PENDING
TXN_220b62e3cc5f,ACC_9b2cceb51d63,2024-05-06 00:00:00,38076.06,JPY,PAYMENT,MER_a8f8547814cb,FAILED
TXN_b186431a1714,ACC_665c9cbf1f6d,2024-02-08 00:00:00,31685.05,USD,PAYMENT,MER_745147f491e0,FAILED
TXN_441083789fc8,ACC_81cf3eb072ef,2024-08-20 00:00:00,47513.2,GBP,REFUND,MER_d4d52f271781,COMPLETED
TXN_51e8e852fe35,ACC_d71ceb0a2022,2024-12-06 00:00:00,34867.48,USD,REFUND,MER_ea2e29cc5841,CANCELLED
TXN_bb6841d5f12e,ACC_ff81fd26b6da,2024-06-14 00:00:00,41418.9,GBP,REFUND,MER_fea4b6eacfc9,CANCELLED
TXN_404d78d6f9f4,ACC_d50a8d783491,2024-01-25 00:00:00,2306.69,JPY,DEBIT,MER_8c8380e7d303,PENDING
TXN_99e46fe28457,ACC_8ec798462db5,2024-08-07 00:00:00,10123.89,EUR,TRANSFER,MER_2419c960abab,FAILED
TXN_a8a7b37d7223,ACC_21fc8ca19e17,2024-02-12 00:00:00,18598.47,EUR,DEBIT,MER_315b0b3ee4e8,FAILED
TXN_2174d56d9f04,ACC_8b5ea4f6e583,2024-08-07 00:00:00,32777.71,USD,DEBIT,MER_6a0dcaea8e4d,COMPLETED
TXN_fcee11724e68,ACC_fecbb5f1b46f,2024-12-14 00:00:00,22258.89,USD,TRANSFER,MER_8210bafdf36d,CANCELLED
TXN_28029ae44c9a,ACC_c4e20a3c1587,2024-04-27 00:00:00,19159.67,USD,DEBIT,MER_0fbf8800d39f,FAILED
TXN_6020d29dd5c4,ACC_eb72b7a0f66b,2024-03-09 00:00:00,32082.39,EUR,DEBIT,MER_e0e4b3dcca6a,COMPLETED
TXN_13d348516a63,ACC_ee9f0e992fbe,2024-06-28 00:00:00,36124.38,EUR,PAYMENT,MER_db14d205d202,CANCELLED
TXN_ae54760d3151,ACC_aa7ae6b2321c,2024-02-21 00:00:00,7009.26,USD,REFUND,MER_d8faa439023f,FAILED
TXN_2e18135925e7,ACC_8a488dc7a880,2024-03-12 00:00:00,12396.84,USD,CREDIT,MER_ff64623f689d,FAILED
TXN_debf49b4002d,ACC_3298ced6de4c,2024-12-03 00:00:00,43792.6,EUR,REFUND,MER_0a9ebfc9ae79,PENDING
TXN_baa3db90d664,ACC_ad9953f3a931,2024-01-28 00:00:00,39192.24,EUR,PAYMENT,MER_7764b35ab024,PENDING
TXN_c3c8b44caee7,ACC_eaae3a323895,2024-09-27 00:00:00,44437.34,USD,TRANSFER,MER_f4e0fe04b6b1,PENDING
TXN_517ec9ca3368,ACC_d32a30e6009b,2024-08-03 00:00:00,18276.97,EUR,PAYMENT,MER_9a25aa011462,COMPLETED
TXN_ca96801aad3a,ACC_059e73feadcf,2024-05-14 00:00:00,10794.99,USD,PAYMENT,MER_cd4fa780f292,CANCELLED
TXN_970159373690,ACC_7ee1528ea073,2024-11-23 00:00:00,26832.88,CNY,CREDIT,MER_4853bce276fb,FAILED
TXN_8a56960bb831,ACC_a9c8df1ed526,2024-03-20 00:00:00,26824.14,JPY,REFUND,MER_0f952a7133f4,COMPLETED
TXN_6de896af72d7,ACC_20146b002b5f,2024-05-02 00:00:00,2904.72,USD,PAYMENT,MER_1f4431d0c0e7,COMPLETED
TXN_036c0d06b0ec,ACC_8eb763791c6b,2024-03-30 00:00:00,5980.96,EUR,DEBIT,MER_20b0d3f61c80,FAILED
TXN_d1c492e4cdc8,ACC_4f5fc1f2927a,2024-05-12 00:00:00,8356.48,EUR,TRANSFER,MER_44f7e66d2b73,COMPLETED
TXN_268190f07f1f,ACC_7e3b249a5f47,2024-08-07 00:00:00,13606.31,USD,TRANSFER,MER_cf4af817b24f,COMPLETED
TXN_562a783c41cd,ACC_e9a0aa833021,2024-01-29 00:00:00,24985.5,CNY,CREDIT,MER_ddbe88ce208e,FAILED
TXN_ad387a2a70bc,ACC_7760ead7b0ec,2024-12-11 00:00:00,36141.69,EUR,REFUND,MER_61351ce6581e,COMPLETED
TXN_41b4d62163f7,ACC_6ac60cba6eb8,2024-07-15 00:00:00,46012.12,EUR,DEBIT,MER_21cdce166017,CANCELLED
TXN_e8b69a8bac83,ACC_bf12a022cd5e,2024-06-12 00:00:00,13570.19,USD,REFUND,MER_096dd66c15ee,COMPLETED
TXN_1ea0edeaf516,ACC_aba7cf1b03c6,2024-01-24 00:00:00,47704.43,USD,PAYMENT,MER_2ecb60bad117,FAILED
TXN_7e62101c31d0,ACC_e60e7f187a2e,2024-01-05 00:00:00,18452.28,GBP,REFUND,MER_b3c8bb6e9f61,PENDING
TXN_d773a6fc038d,ACC_e1849bcef6e5,2024-09-09 00:00:00,49889.38,EUR,REFUND,MER_f415622df6f7,PENDING
TXN_6b01b745fe69,ACC_5fb4373a18db,2024-01-13 00:00:00,11657.56,GBP,DEBIT,MER_86e3765e89a2,COMPLETED
TXN_991d7b84f47d,ACC_d13844e2b39d,2024-06-06 00:00:00,5206.41,CNY,CREDIT,MER_17c9406b44a5,COMPLETED
TXN_8bcd17c58e93,ACC_0eec6c773927,2024-05-23 00:00:00,4660.4,EUR,REFUND,MER_8d8f91fbee37,FAILED
TXN_4127016e9834,ACC_1480a0c4f968,2024-10-24 00:00:00,4787.89,EUR,PAYMENT,MER_f940f5703b69,COMPLETED
TXN_a44ecb51b0f8,ACC_3b16175425ee,2024-05-01 00:00:00,14590.88,GBP,PAYMENT,MER_2f0276653c5c,FAILED
TXN_26a6c5ef4898,ACC_fa737534b7ee,2024-02-08 00:00:00,47178.3,EUR,REFUND,MER_b599cee3e3a4,COMPLETED
TXN_4121826b7bd1,ACC_418c07f08cd5,2024-07-27 00:00:00,6045.63,GBP,CREDIT,MER_5623af399059,CANCELLED
TXN_24aed1db22aa,ACC_4302e4aaf0bb,2024-03-21 00:00:00,40381.77,GBP,REFUND,MER_f115b49e733e,FAILED
TXN_9a6957fecb64,ACC_d3bfb07a930d,2024-07-01 00:00:00,19818.26,USD,TRANSFER,MER_94f36815634e,PENDING
TXN_0c8e872229d9,ACC_e6673f57e987,2024-08-19 00:00:00,27802.13,CNY,CREDIT,MER_747fd38217e0,COMPLETED
TXN_501d1521d21d,ACC_df592b077f78,2024-01-07 00:00:00,3092.84,EUR,CREDIT,MER_da9c665d8e41,CANCELLED
TXN_7e8bb76b41f0,ACC_6b49650bdea2,2024-11-26 00:00:00,4211.13,CNY,TRANSFER,MER_a21dc8114686,COMPLETED
TXN_50572aadf40a,ACC_6cfae5c6028f,2024-11-26 00:00:00,22177.13,EUR,DEBIT,MER_28a0e7a6e9e0,FAILED
TXN_d271f8cbac52,ACC_403f5fae08c1,2024-01-26 00:00:00,8407.78,CNY,PAYMENT,MER_26bb7bd652a5,CANCELLED
TXN_b5d6bb55a989,ACC_79f0b3a51700,2024-08-06 00:00:00,8648.63,EUR,CREDIT,MER_b3b2fa346342,CANCELLED
TXN_59a2c192e045,ACC_6843ad7b44e6,2024-11-13 00:00:00,30852.69,GBP,PAYMENT,MER_c6537bc49427,CANCELLED
TXN_a7b3805a3ed2,ACC_2bd35c7562c9,2024-03-11 00:00:00,20967.55,CNY,CREDIT,MER_ea2d281dd299,COMPLETED
TXN_0ff1de4d335a,ACC_c29ef09dc828,2024-07-02 00:00:00,23989.43,JPY,TRANSFER,MER_917c8312df25,FAILED
TXN_3ca000f1d073,ACC_707e5c7e8fc4,2024-06-12 00:00:00,29859.85,USD,TRANSFER,MER_52e2e790989a,CANCELLED
TXN_38a906711f9b,ACC_2ee93780750f,2024-04-29 00:00:00,48699.25,USD,CREDIT,MER_57445166d47a,FAILED
TXN_5e3552bb01d2,ACC_434e8aad897e,2024-01-29 00:00:00,38204.85,EUR,REFUND,MER_82d16299f6ef,CANCELLED
TXN_44e389d7fbe5,ACC_75cef9aca25c,2024-03-29 00:00:00,8813.26,CNY,TRANSFER,MER_abef4453eb35,FAILED
TXN_688611a85911,ACC_beec2e727439,2024-12-24 00:00:00,17590.59,CNY,REFUND,MER_60e0b4b42e39,PENDING
TXN_e06e843c1df2,ACC_ec16374b3d0d,2024-09-09 00:00:00,27110.81,EUR,PAYMENT,MER_80ee175d879f,COMPLETED
TXN_f6fd867b4c69,ACC_7bf90e7f98a8,2024-09-26 00:00:00,23904.67,GBP,REFUND,MER_986dd58d051d,PENDING
TXN_6ac155968056,ACC_b61c55db80c7,2024-06-14 00:00:00,2987.2,EUR,REFUND,MER_741da2b43e27,PENDING
TXN_5345180b73e4,ACC_387356412536,2024-07-05 00:00:00,48028.33,GBP,PAYMENT,MER_847cbbd0a007,FAILED
TXN_177215864153,ACC_ff7b25843a0e,2024-03-21 00:00:00,36620.28,JPY,PAYMENT,MER_d23c4ebfacdb,PENDING
TXN_af72b2e79633,ACC_d14ec6abd764,2024-11-10 00:00:00,39351.72,EUR,REFUND,MER_1509ceff0bee,CANCELLED
TXN_b8662f42a0f0,ACC_7cda3d146a6d,2024-03-06 00:00:00,8893.64,USD,REFUND,MER_1fded56b220f,COMPLETED
TXN_fdad6b66342a,ACC_8b2e48571cf1,2024-11-09 00:00:00,11052.55,CNY,DEBIT,MER_52eed7e205a8,PENDING
TXN_3d5a89555ac1,ACC_5c3b2ed2e1ea,2024-06-26 00:00:00,49119.16,EUR,DEBIT,MER_3d06b166fdab,FAILED
TXN_0c2975ade557,ACC_b435594df8de,2024-05-07 00:00:00,34661.87,GBP,TRANSFER,MER_7eb7deba5c0c,COMPLETED
TXN_8c85de0aa480,ACC_77bfd6d1257c,2024-08-02 00:00:00,48455.4,JPY,PAYMENT,MER_7f207657849a,FAILED
TXN_fe26caad2006,ACC_00d1c5b5f7e5,2024-09-02 00:00:00,39438.61,CNY,CREDIT,MER_b58aa1c83c14,COMPLETED
TXN_ca9ef203b91a,ACC_62fbccc125d6,2024-01-11 00:00:00,15942.66,USD,DEBIT,MER_e9fb40f229ee,CANCELLED
TXN_8cf5119b1944,ACC_3a8b50ff84e3,2024-02-17 00:00:00,16904.15,CNY,PAYMENT,MER_8e8cd56ed454,CANCELLED
TXN_7d0a7fb372db,ACC_17eea2fd29f1,2024-08-10 00:00:00,7863.62,USD,TRANSFER,MER_8b428698d9d9,PENDING
TXN_7717f397c263,ACC_39163a35fdfa,2024-10-03 00:00:00,13270.59,GBP,TRANSFER,MER_d0cd46d803ac,COMPLETED
TXN_210271e9962c,ACC_eb062fa2e25c,2024-09-08 00:00:00,7687.96,GBP,DEBIT,MER_f21c029eb64e,FAILED
TXN_d69a4bda4778,ACC_18a79c1e0575,2024-09-02 00:00:00,9991.74,USD,CREDIT,MER_ee7ba48ebe22,FAILED
TXN_35c34f2c4576,ACC_26b5c99cb5ba,2024-02-29 00:00:00,15424.59,JPY,PAYMENT,MER_778dd4b19fb5,FAILED
TXN_0ead2c47878a,ACC_608a80a61095,2024-04-04 00:00:00,18557.32,JPY,TRANSFER,MER_dd3d22464de3,COMPLETED
TXN_a7892d9b73ca,ACC_0619cac4b9d9,2024-04-25 00:00:00,41855.57,CNY,DEBIT,MER_141b6c6ce324,COMPLETED
TXN_859e95ab4dba,ACC_6cd9909e5e5e,2024-10-04 00:00:00,20705.19,CNY,CREDIT,MER_2b5c701773e1,CANCELLED
TXN_d7525c1fcdbf,ACC_5068c14ff0f2,2024-10-01 00:00:00,34356.53,JPY,REFUND,MER_7160e0b5e80d,CANCELLED
TXN_d7c6465ab140,ACC_c46bc25aef42,2024-12-31 00:00:00,1746.08,CNY,REFUND,MER_46f72e9873f1,PENDING
TXN_ec289c6f9f55,ACC_cff7cc0ddc08,2024-03-29 00:00:00,47453.58,EUR,CREDIT,MER_3d5261f9fb1e,PENDING
TXN_9b4e2677fd09,ACC_394f9145a256,2024-12-15 00:00:00,21775.31,EUR,REFUND,MER_3380b18b8281,COMPLETED
TXN_7fc478bd435c,ACC_2da3fc8bdce4,2024-10-09 00:00:00,16313.08,GBP,REFUND,MER_d2bfedf01717,COMPLETED
TXN_baa1a5611d23,ACC_8ae48732f11e,2024-09-24 00:00:00,39086.47,USD,PAYMENT,MER_50c9aa91361a,COMPLETED
TXN_ba97b5efc843,ACC_51976c99b09c,2024-02-21 00:00:00,39289.42,CNY,TRANSFER,MER_b209ef6df28d,FAILED
TXN_2a1712c622f0,ACC_e3d9cb3bab43,2024-11-07 00:00:00,23657.6,EUR,TRANSFER,MER_1152076d8483,CANCELLED
TXN_a60141e08266,ACC_2ba593120d90,2024-06-18 00:00:00,34528.78,USD,PAYMENT,MER_f4ee7e5f17d7,FAILED
TXN_503a61eb8db3,ACC_0c762570bb49,2024-06-04 00:00:00,15554.36,JPY,DEBIT,MER_8b0bcf2e7582,PENDING
TXN_5635442c2915,ACC_5dafc7fba0a4,2024-08-14 00:00:00,38703.8,GBP,TRANSFER,MER_1d174fcffdad,COMPLETED
TXN_5144d2b74caa,ACC_7f44c8a4e0ac,2024-07-27 00:00:00,37049.83,CNY,TRANSFER,MER_8090002bf2db,PENDING
TXN_ab8acf612fb9,ACC_c8acf480fec8,2024-07-25 00:00:00,6791.13,CNY,REFUND,MER_06bd647fe71d,PENDING
TXN_5bf59a658e70,ACC_701c6ec0c21a,2024-01-30 00:00:00,12482.02,JPY,DEBIT,MER_644dd7f83c38,PENDING
TXN_b4597647089c,ACC_80da91b0cdf2,2024-09-15 00:00:00,19853.14,USD,DEBIT,MER_be9cac9ac689,CANCELLED
TXN_ee3678259131,ACC_fb7df40d70ba,2024-08-30 00:00:00,29348.14,GBP,TRANSFER,MER_60aa91884a20,FAILED
TXN_7fad7dee63a6,ACC_940e39cea99b,2024-05-25 00:00:00,1382.25,USD,CREDIT,MER_a92d939e8811,PENDING
TXN_822f33950903,ACC_4dd434a890c6,2024-12-12 00:00:00,10344.48,JPY,REFUND,MER_e6246735def6,COMPLETED
TXN_8e198676d1f3,ACC_2750db8bcd81,2024-03-29 00:00:00,30061.09,USD,CREDIT,MER_86d3c23d8403,FAILED
TXN_e056962b80c6,ACC_a31f6d278c17,2024-05-20 00:00:00,21196.1,JPY,TRANSFER,MER_36da76cd6f50,PENDING
TXN_4e14912a155d,ACC_9c7647428ece,2024-11-15 00:00:00,19863.66,USD,DEBIT,MER_41afbc2dd3d3,FAILED
TXN_3f71b2c9858b,ACC_2a15f4552adb,2024-05-24 00:00:00,14930.81,USD,PAYMENT,MER_85c4a713a064,FAILED
TXN_028861bda9b0,ACC_6f6ecbe26ff9,2024-05-13 00:00:00,32809.42,GBP,CREDIT,MER_7287d50c5a3a,PENDING
TXN_9980ae13fbd5,ACC_e438d4ba9243,2024-11-03 00:00:00,20210.88,GBP,CREDIT,MER_3aac7229285e,CANCELLED
TXN_f0be3b2c56a4,ACC_8860aff53e37,2024-08-02 00:00:00,20235.9,USD,REFUND,MER_5e09860bdd3f,PENDING
TXN_e2c1173a854f,ACC_ad16b54ca2cb,2024-12-17 00:00:00,26736.41,JPY,TRANSFER,MER_eff6ce84aa90,PENDING
TXN_ab721cf44f25,ACC_734e1a1c3bb9,2024-04-02 00:00:00,14696.26,JPY,CREDIT,MER_556bf0057120,PENDING
TXN_ec287b09a97b,ACC_4d1793f47c17,2024-12-01 00:00:00,4474.1,GBP,CREDIT,MER_51decae41a70,FAILED
TXN_7c87a4376262,ACC_1ab17d4d7ff1,2024-07-09 00:00:00,13035.36,GBP,PAYMENT,MER_83ecb67f2f1d,CANCELLED
TXN_a2d09596f700,ACC_5be96b9894d2,2024-10-24 00:00:00,47215.61,USD,PAYMENT,MER_5df0436eb056,COMPLETED
TXN_494342689809,ACC_fe638d94c1a3,2024-06-01 00:00:00,20661.23,EUR,CREDIT,MER_e00c823448ac,FAILED
TXN_9db8bd95b955,ACC_3624bb3b831d,2024-08-22 00:00:00,7169.78,EUR,DEBIT,MER_ed528b0aa772,PENDING
TXN_70d105df1087,ACC_d4e8dcb8f7fc,2024-08-19 00:00:00,13683.66,EUR,REFUND,MER_3f35ef85401f,CANCELLED
TXN_fc6a8adc717e,ACC_06d7358894c2,2024-03-07 00:00:00,30727.84,JPY,PAYMENT,MER_85ac9b292245,CANCELLED
TXN_eff02716e7ed,ACC_3b4597d56874,2024-04-12 00:00:00,36535.65,USD,TRANSFER,MER_8c64b5b95761,PENDING
TXN_77d71de87f2a,ACC_256d5979c4ad,2024-05-07 00:00:00,11321.02,GBP,TRANSFER,MER_794cbf1215a9,CANCELLED
TXN_dd33ba5ee0ae,ACC_321aab53061d,2024-02-03 00:00:00,41193.95,GBP,TRANSFER,MER_3abf3fe7463f,FAILED
TXN_de7a0907a1dd,ACC_e9d551ca1b74,2024-03-09 00:00:00,17143.21,JPY,TRANSFER,MER_d9e07974b78f,PENDING
TXN_a6a06d0232e0,ACC_69ee60e63fa0,2024-07-25 00:00:00,966.05,EUR,CREDIT,MER_70f9bc70c70c,COMPLETED
TXN_042f429b06c5,ACC_3686de35d77d,2024-07-06 00:00:00,35558.39,USD,PAYMENT,MER_343c7e211443,FAILED
TXN_48b7660167dd,ACC_17ad06fe762b,2024-10-31 00:00:00,49734.06,USD,DEBIT,MER_0cda87699215,COMPLETED
TXN_f26c954716bb,ACC_ca85c662eccb,2024-10-07 00:00:00,12644.39,EUR,CREDIT,MER_a87d39340555,COMPLETED
TXN_8b67c4e9febd,ACC_d2e918a2b94f,2024-12-05 00:00:00,26020.26,CNY,REFUND,MER_345e9cfcd1b5,CANCELLED
TXN_4acacd89e6c4,ACC_a12bc2c5ee29,2024-11-12 00:00:00,5895.55,USD,DEBIT,MER_05be54bca416,PENDING
TXN_c38712fb6327,ACC_926a52fa6e6f,2024-04-13 00:00:00,17902.51,JPY,TRANSFER,MER_527af31aaf8d,CANCELLED
TXN_8a0d3f445df8,ACC_11be147edff5,2024-09-03 00:00:00,16536.87,USD,DEBIT,MER_13ca23fc151d,COMPLETED
TXN_d6cc53293bf6,ACC_cc22a138b0c1,2024-03-17 00:00:00,47472.81,CNY,DEBIT,MER_621431c3bf21,COMPLETED
TXN_2d9f44a2051b,ACC_2d6bdfa4e036,2024-08-21 00:00:00,49433.41,GBP,TRANSFER,MER_26b93a2ecd09,COMPLETED
TXN_17cabc0f4408,ACC_197a4c820ed0,2024-05-28 00:00:00,18017.13,GBP,PAYMENT,MER_06146c856bf7,COMPLETED
TXN_76e17eaa4ff4,ACC_1f6cf7507fe2,2024-01-05 00:00:00,42601.42,EUR,TRANSFER,MER_34dfcc500bb9,CANCELLED
TXN_c9fe0c3b0cc2,ACC_3457cc07a205,2024-02-17 00:00:00,18637.38,GBP,CREDIT,MER_902415fe0a32,CANCELLED
TXN_69b6c3dfdb05,ACC_70ccf4ea4040,2024-07-16 00:00:00,34498.22,JPY,PAYMENT,MER_6df29af39db4,PENDING
TXN_db22c826f369,ACC_a2f07071fd2a,2024-01-31 00:00:00,49078.64,EUR,DEBIT,MER_f2f3de5fd5cd,CANCELLED
TXN_e3ac4af1122f,ACC_11057a315969,2024-04-02 00:00:00,30570.04,GBP,REFUND,MER_98dcab9e2b4c,PENDING
TXN_be6d1757054a,ACC_cfccde2430b2,2024-07-29 00:00:00,22039.99,USD,TRANSFER,MER_52e09f49b37a,COMPLETED
TXN_cce15ca56ba4,ACC_f414a8de646a,2024-10-22 00:00:00,36191.44,EUR,TRANSFER,MER_34a1b6e44eaa,COMPLETED
TXN_06598cf7638c,ACC_8b2dcd6b0b8f,2024-09-03 00:00:00,17294.02,JPY,CREDIT,MER_5e53fb5cf98c,COMPLETED
TXN_252ec90a45be,ACC_cbba932cf8db,2024-09-15 00:00:00,42443.79,JPY,CREDIT,MER_bb973db8416c,CANCELLED
TXN_5d44627b6ee1,ACC_e260d8ac1c36,2024-05-22 00:00:00,2527.03,EUR,REFUND,MER_faa2fdd13b4d,CANCELLED
TXN_d28f0e57f265,ACC_6e15db7e6b5d,2024-08-15 00:00:00,40065.05,JPY,DEBIT,MER_a57a76cdd21a,CANCELLED
TXN_5b2cc3c59fca,ACC_73b425cb2890,2024-11-30 00:00:00,898.28,JPY,PAYMENT,MER_02c96a5a260c,COMPLETED
TXN_f0c0756eb951,ACC_416a51c7c0e6,2024-11-12 00:00:00,31880.53,CNY,REFUND,MER_e0e118a6e313,CANCELLED
TXN_05a38c2f1dca,ACC_f5c85811e457,2024-01-28 00:00:00,40831.27,JPY,TRANSFER,MER_3b66585b445d,CANCELLED
TXN_89c6dfe789c7,ACC_c6c85dc93293,2024-08-19 00:00:00,5710.03,EUR,DEBIT,MER_ce4b09c995a9,FAILED
TXN_825f66e7956a,ACC_6173b180041c,2024-02-24 00:00:00,2298.45,EUR,PAYMENT,MER_150dddd131f2,CANCELLED
TXN_7bc5e0a35800,ACC_7ce2ffa7a498,2024-04-06 00:00:00,6046.08,JPY,CREDIT,MER_b42af1feb683,PENDING
TXN_01f95fcf3234,ACC_ed6db0fcea05,2024-07-31 00:00:00,2334.55,CNY,DEBIT,MER_a6eb220470f3,CANCELLED
TXN_2fe5ea5dfbb3,ACC_62ec50e71716,2024-09-15 00:00:00,6740.45,JPY,DEBIT,MER_7012e93032ce,COMPLETED
TXN_dedd532440b3,ACC_3888d119fe87,2024-10-26 00:00:00,24151.77,CNY,CREDIT,MER_d3f33620eed9,PENDING
TXN_8ef4f4ee7417,ACC_a9e196d6e635,2024-07-17 00:00:00,32879.52,CNY,TRANSFER,MER_8941ec53544e,CANCELLED
TXN_139ef1e353ae,ACC_7e4b34714aa2,2024-12-20 00:00:00,38121.11,GBP,PAYMENT,MER_1916a6480ff3,FAILED
TXN_7a1d705bd981,ACC_7e963ca12099,2024-07-30 00:00:00,30130.2,CNY,TRANSFER,MER_bbc8b8b52d39,FAILED
TXN_9379088f5a8e,ACC_8e961e8dbee9,2024-11-19 00:00:00,10874.95,EUR,REFUND,MER_060f23b1b4e2,FAILED
TXN_62abab2d2b16,ACC_c040c4899d28,2024-12-29 00:00:00,32507.82,EUR,REFUND,MER_871de0e255d1,FAILED
TXN_5f3bb3fa5c8e,ACC_40478c52b715,2024-10-14 00:00:00,24023.69,CNY,PAYMENT,MER_c2fe1996fe22,FAILED
TXN_7f7ef13239a4,ACC_cca328c47074,2024-01-07 00:00:00,26141.27,USD,PAYMENT,MER_52187d96c94a,COMPLETED
TXN_dc0ac070378b,ACC_71d2afbd1a6a,2024-03-23 00:00:00,49176.78,GBP,CREDIT,MER_8dff7d85a294,FAILED
TXN_63c14214b6c0,ACC_0c83199c4119,2024-07-02 00:00:00,40703.17,USD,REFUND,MER_e5fceb5daedd,PENDING
TXN_b4016da71dd6,ACC_21d685a21ec2,2024-05-01 00:00:00,25551.01,GBP,DEBIT,MER_f8b61cf4a1ca,CANCELLED
TXN_655847b18260,ACC_67d5859c7301,2024-12-16 00:00:00,15639.57,CNY,DEBIT,MER_d429611c7271,FAILED
TXN_3e96819b6e71,ACC_56057bf4df68,2024-08-14 00:00:00,41500.87,GBP,REFUND,MER_d14bcd108293,PENDING
TXN_eb670a04f702,ACC_4d1200694603,2024-05-30 00:00:00,22446.26,USD,CREDIT,MER_441460194df1,COMPLETED
TXN_4ab6e82bffd3,ACC_52f6888f4f64,2024-10-11 00:00:00,13219.34,EUR,REFUND,MER_5e55b3470f05,COMPLETED
TXN_705e3b68f495,ACC_a55ee66e9be4,2024-03-20 00:00:00,2006.63,GBP,REFUND,MER_b1ea918f5960,FAILED
TXN_86db5e6e49e8,ACC_6e116d91530d,2024-07-02 00:00:00,3653.31,GBP,REFUND,MER_c2d55ef5f55e,PENDING
TXN_f2e6c7a7fb56,ACC_26196aa5f351,2024-03-22 00:00:00,20802.4,CNY,PAYMENT,MER_054959af9ca2,PENDING
TXN_99e30bc49dd8,ACC_9ba2c82db0b4,2024-06-18 00:00:00,18046.28,EUR,REFUND,MER_09adac5db303,COMPLETED
TXN_43fb7c2e530e,ACC_850df386b0c4,2024-05-03 00:00:00,45225.78,CNY,REFUND,MER_9fdc8fc520da,COMPLETED
TXN_ad1ae3e88706,ACC_82c53fee3eb9,2024-02-28 00:00:00,19299.94,CNY,TRANSFER,MER_53ac59383d95,FAILED
TXN_ff5c6de0c370,ACC_6f0ba86feafb,2024-09-06 00:00:00,2202.14,EUR,TRANSFER,MER_629c04c84241,COMPLETED
TXN_ac6e15f005a1,ACC_995c3a0d81f4,2024-10-02 00:00:00,26664.96,USD,CREDIT,MER_6041b6a28c62,PENDING
TXN_ec7b0b78a061,ACC_62af486201c7,2024-02-23 00:00:00,10286.92,JPY,DEBIT,MER_8a945b70f4fc,PENDING
TXN_ccb21d9a3183,ACC_b1bac5e90897,2024-01-20 00:00:00,4385.17,USD,CREDIT,MER_1cfbd8669308,COMPLETED
TXN_c0e34abac5f7,ACC_df47f977b01a,2024-05-12 00:00:00,20387.56,JPY,PAYMENT,MER_0be38d38162a,COMPLETED
TXN_fbc59855424b,ACC_f37ceb39c45c,2024-01-04 00:00:00,32074.72,CNY,DEBIT,MER_0d5bc07b9178,COMPLETED
TXN_8f6e5256055f,ACC_003885c40f27,2024-09-14 00:00:00,5315.72,GBP,REFUND,MER_3dd54c701eb7,CANCELLED
TXN_7a5f8082c557,ACC_f188dede7a85,2024-01-16 00:00:00,23704.64,CNY,CREDIT,MER_144462c114b6,CANCELLED
TXN_ce2943073aee,ACC_a9a36849dd26,2024-05-31 00:00:00,48007.11,EUR,TRANSFER,MER_5e0925e13781,FAILED
TXN_4fc540fd0334,ACC_6116bfce620c,2024-10-11 00:00:00,7077.28,USD,DEBIT,MER_a0885a07aef0,CANCELLED
TXN_d393e43d5651,ACC_fc674185371c,2024-06-05 00:00:00,10510.54,GBP,CREDIT,MER_bb26fd9d6a76,PENDING
TXN_7eb220e7a8a9,ACC_ae14e45b0bc7,2024-05-09 00:00:00,9724.37,EUR,REFUND,MER_faa43de69224,CANCELLED
TXN_d5d85635411a,ACC_8c497a2b41f7,2024-12-09 00:00:00,3377.46,USD,CREDIT,MER_f9b95255918d,CANCELLED
TXN_e52ad3797eef,ACC_f505f72392f1,2024-12-09 00:00:00,32777.09,USD,TRANSFER,MER_19ce1130edcb,PENDING
TXN_fca42e0f9de5,ACC_3666f82d660c,2024-11-11 00:00:00,32974.52,CNY,CREDIT,MER_6b23f49d86c1,FAILED
TXN_7acf009eb13f,ACC_2310285f0bd8,2024-03-27 00:00:00,251.55,EUR,CREDIT,MER_0a61e76cfd20,CANCELLED
TXN_c8b4431a63ed,ACC_83381ad3a622,2024-12-13 00:00:00,36651.31,JPY,PAYMENT,MER_b10fe9537dd7,FAILED
TXN_567f817c2358,ACC_c24d1ef7e9cb,2024-11-26 00:00:00,30335.32,GBP,CREDIT,MER_43b70d0ca8fd,PENDING
TXN_9fbe015cd688,ACC_056b694ec543,2024-02-09 00:00:00,36373.99,USD,REFUND,MER_7eaa836d94f4,CANCELLED
TXN_3881e11a72f8,ACC_7146602ca412,2024-01-19 00:00:00,27584.18,CNY,REFUND,MER_f737269ab837,PENDING
TXN_85ba29c1e205,ACC_76c07d9804ce,2024-10-28 00:00:00,36664.01,GBP,CREDIT,MER_f38e665dbe41,COMPLETED
TXN_7592ac4c2d42,ACC_2c26d397e5b2,2024-12-05 00:00:00,11951.65,CNY,CREDIT,MER_fc84159ac6f0,PENDING
TXN_85b5b8c9d134,ACC_922e3312519e,2024-10-16 00:00:00,32974.07,EUR,PAYMENT,MER_5d5ac7939e04,COMPLETED
TXN_95ed90d706a7,ACC_3b73cfa9f435,2024-02-02 00:00:00,13225.21,EUR,DEBIT,MER_9b8599f23a90,FAILED
TXN_4ec1bbb5a9be,ACC_7e31d748f926,2024-01-24 00:00:00,2004.84,GBP,DEBIT,MER_99c8a7662d8a,FAILED
TXN_b03d45244698,ACC_84ea1225a857,2024-10-05 00:00:00,28512.31,JPY,PAYMENT,MER_06447424481f,COMPLETED
TXN_ca973ecf9c38,ACC_a90b5872681e,2024-04-24 00:00:00,25823.43,GBP,TRANSFER,MER_071bab83b65e,CANCELLED
TXN_298547d88246,ACC_7923ab6dac5c,2024-03-12 00:00:00,22000.54,EUR,DEBIT,MER_7d2e04077b70,FAILED
TXN_eed340d0de3b,ACC_44d67da69a55,2024-07-04 00:00:00,30104.99,USD,CREDIT,MER_68185e353530,FAILED
TXN_550e3b3e95b3,ACC_15f7b206028c,2024-09-02 00:00:00,23956.27,CNY,CREDIT,MER_d5d025251f0e,CANCELLED
TXN_085d9a238544,ACC_386f785607f4,2024-10-20 00:00:00,29621.46,EUR,REFUND,MER_0717060a9ac1,PENDING
TXN_b1ff60d2ba6d,ACC_8fc8d96674dc,2024-04-02 00:00:00,25836.87,JPY,REFUND,MER_c6f1ee3e926f,COMPLETED
TXN_b3a7f2d0c027,ACC_fc121bb285e5,2024-05-25 00:00:00,47363.22,EUR,PAYMENT,MER_85b1a5d7d35e,CANCELLED
TXN_0d253ab5e523,ACC_0c15c650ea85,2024-07-29 00:00:00,30045.93,CNY,CREDIT,MER_43bb0098550f,FAILED
TXN_76b0b8c97874,ACC_70b1c41782a2,2024-08-20 00:00:00,29830.7,USD,CREDIT,MER_a5b514317089,PENDING
TXN_acc9c5515d8d,ACC_c3a0e6e386a9,2024-09-15 00:00:00,34221.55,EUR,REFUND,MER_014424ccf9c2,CANCELLED
TXN_38e07db4f586,ACC_338c2cb42acb,2024-09-29 00:00:00,25171.43,USD,DEBIT,MER_fd5ab8703ff1,PENDING
TXN_96f5eb09f73e,ACC_4de27f30ee9a,2024-01-01 00:00:00,44849.48,JPY,REFUND,MER_bfb7d52e6ced,COMPLETED
TXN_c74f5822dc3f,ACC_bb09a40bae12,2024-09-03 00:00:00,39479.88,JPY,TRANSFER,MER_9f35ba36856c,COMPLETED
TXN_5ac5b86329a8,ACC_97109d5f1c1b,2024-04-29 00:00:00,45505.17,USD,TRANSFER,MER_fb372d470fad,CANCELLED
TXN_0b7c29009fc3,ACC_a7317462ba9c,2024-01-04 00:00:00,28903.58,USD,REFUND,MER_2f00d52000a9,PENDING
TXN_22abe8428612,ACC_74d209151950,2024-07-04 00:00:00,5338.09,JPY,REFUND,MER_f5e5bf4686be,CANCELLED
TXN_37c639bf01c1,ACC_00f289f463d4,2024-12-14 00:00:00,19878.73,EUR,PAYMENT,MER_b7b17bcb15c1,CANCELLED
TXN_b19f591b4d7d,ACC_759d54d330ac,2024-09-04 00:00:00,12696.34,GBP,REFUND,MER_6735bfd77aaa,CANCELLED
TXN_fd2275cb8424,ACC_3ede9b1998b5,2024-12-03 00:00:00,5963.1,EUR,PAYMENT,MER_087f537e5062,PENDING
TXN_04855830795a,ACC_911ee0c86b64,2024-06-22 00:00:00,40044.68,CNY,DEBIT,MER_1ef0bd46a5bb,COMPLETED
TXN_96db51349ea1,ACC_e5958733ae15,2024-08-29 00:00:00,46293.83,JPY,DEBIT,MER_f0e515df868c,PENDING
TXN_5658e99080d3,ACC_c30d1bc358ae,2024-07-15 00:00:00,46534.94,JPY,REFUND,MER_24b07bca0f77,FAILED
TXN_402fd1f3447f,ACC_638842ebd2cf,2024-03-30 00:00:00,32018.16,JPY,DEBIT,MER_6062ec6a632f,FAILED
TXN_d533e22067dc,ACC_c34080f12f7d,2024-09-18 00:00:00,25795.52,EUR,REFUND,MER_3829a4b29790,COMPLETED
TXN_acf5e702ba07,ACC_c5f0a0630001,2024-03-21 00:00:00,4351.27,GBP,PAYMENT,MER_9cc18f554d76,CANCELLED
TXN_d7b1b33a6030,ACC_6c7a741ec50b,2024-01-08 00:00:00,36848.91,USD,DEBIT,MER_33ff661e3952,FAILED
TXN_e9c18f9f8385,ACC_261f4d542d36,2024-04-25 00:00:00,30322.11,EUR,PAYMENT,MER_9caa78ae98d3,COMPLETED
TXN_b48b2f01778a,ACC_5488897386a8,2024-02-24 00:00:00,27935.95,CNY,TRANSFER,MER_e23610049d3b,COMPLETED
TXN_cc39837eed12,ACC_f755dba9fe2c,2024-10-02 00:00:00,40659.24,CNY,TRANSFER,MER_5ae9a9e69536,CANCELLED
TXN_0c2154ba4f04,ACC_ac39bc876959,2024-06-22 00:00:00,48062.32,JPY,PAYMENT,MER_a662a6120fa5,COMPLETED
TXN_5a90aa4ccca7,ACC_253c9fadb5e0,2024-07-14 00:00:00,31686.75,EUR,CREDIT,MER_2a42e79bb436,CANCELLED
TXN_5b26b2f0ea02,ACC_3a30a9205471,2024-01-05 00:00:00,35043.92,GBP,CREDIT,MER_a033732e6cba,CANCELLED
TXN_19d3c51ad035,ACC_5b5659b83e74,2024-02-08 00:00:00,27732.03,EUR,PAYMENT,MER_18fca05422ea,PENDING
TXN_cc2a8a07048b,ACC_c5383f22fa07,2024-12-15 00:00:00,46513.46,EUR,PAYMENT,MER_67749fd67114,PENDING
TXN_9a784d3e2bc0,ACC_68184d5999e8,2024-04-15 00:00:00,11468.08,EUR,REFUND,MER_480ab4b21249,COMPLETED
TXN_637d7a007590,ACC_9148a63bf46b,2024-12-05 00:00:00,24638.32,USD,REFUND,MER_ea0cbb2643e6,CANCELLED
TXN_966418f159b0,ACC_a5ca4e0c526b,2024-10-21 00:00:00,43439.75,JPY,CREDIT,MER_dbf0beceaeb9,FAILED
TXN_7871f562615a,ACC_2fb988ac5ca3,2024-03-06 00:00:00,2716.87,JPY,PAYMENT,MER_f7dee0bbb7e6,COMPLETED
TXN_d77dc75e37c2,ACC_d7a09c766128,2024-12-17 00:00:00,38797.44,JPY,DEBIT,MER_dcfbcf1120d4,CANCELLED
TXN_e2cd5ecd6aa4,ACC_082bc29e0784,2024-12-11 00:00:00,10545.51,CNY,DEBIT,MER_3683fe061b83,FAILED
TXN_132e1d87e436,ACC_cf228bdfd941,2024-05-17 00:00:00,23572.55,CNY,TRANSFER,MER_eb10e90ddbe5,CANCELLED
TXN_4fd08e1c30ec,ACC_597199da3925,2024-07-09 00:00:00,18260.25,JPY,TRANSFER,MER_720c841029f8,PENDING
TXN_bd648ec801c4,ACC_9034a040b3b3,2024-02-21 00:00:00,36043.56,EUR,REFUND,MER_b9501921e600,CANCELLED
TXN_8763e8225439,ACC_10f24307b4e1,2024-03-17 00:00:00,23654.62,USD,CREDIT,MER_e6d040e56ca9,PENDING
TXN_19608b9d02a9,ACC_9c98895f54da,2024-09-21 00:00:00,26703.79,GBP,PAYMENT,MER_7720f85a0c11,COMPLETED
TXN_f77bd1a2125a,ACC_e507ec7c9a49,2024-01-31 00:00:00,10781.21,GBP,PAYMENT,MER_bf0e71e2fad2,COMPLETED
TXN_acf51d499ec8,ACC_84e85d47e7cd,2024-07-03 00:00:00,18021.73,CNY,TRANSFER,MER_ab54e3520b41,CANCELLED
TXN_dfff15fdb117,ACC_689a4d379e6e,2024-11-06 00:00:00,9955.92,CNY,REFUND,MER_02e343d1e8f9,FAILED
TXN_c9387292e75f,ACC_2212f765a560,2024-09-06 00:00:00,38739.47,JPY,DEBIT,MER_6f56966b7406,FAILED
TXN_def1f3e40759,ACC_4141f686ce69,2024-03-26 00:00:00,32032.63,GBP,PAYMENT,MER_ecda2b8297c3,CANCELLED
TXN_201a3d952e8c,ACC_a185ec3c97bb,2024-03-23 00:00:00,17187.84,GBP,TRANSFER,MER_9f9993ede602,FAILED
TXN_6ca5cc894d7b,ACC_515682d52ab3,2024-08-15 00:00:00,39050.89,GBP,REFUND,MER_5f57c83d74c7,CANCELLED
TXN_f8d98867f27f,ACC_f2cae45411d9,2024-01-12 00:00:00,6260.75,EUR,TRANSFER,MER_2d1bb24b3c01,COMPLETED
TXN_d2bb1ed3fadd,ACC_8a19d611de30,2024-02-18 00:00:00,3198.98,JPY,REFUND,MER_49323ec67b9f,CANCELLED
TXN_b2c83a08f257,ACC_eec9adf86e79,2024-02-23 00:00:00,13129.99,EUR,DEBIT,MER_29e1c812b769,CANCELLED
TXN_31308924a737,ACC_3bf83f06e823,2024-05-25 00:00:00,22163.59,EUR,CREDIT,MER_f0ab14eb71c6,PENDING
TXN_6a22c524c205,ACC_d56140c899d4,2024-06-15 00:00:00,43213.41,JPY,REFUND,MER_dba7028e214f,CANCELLED
TXN_c78b8ae678cf,ACC_4aa3e8075a07,2024-10-03 00:00:00,8860.06,CNY,PAYMENT,MER_552354468a0b,CANCELLED
TXN_a2c34c9445c5,ACC_09067f69e670,2024-06-07 00:00:00,45447.07,JPY,REFUND,MER_d6275c5e5e8a,COMPLETED
TXN_df45b8eada04,ACC_3e98c4438942,2024-05-13 00:00:00,7794.32,USD,DEBIT,MER_ec6b67dbe91b,PENDING
TXN_7549afb405d7,ACC_b2187574614e,2024-01-05 00:00:00,34391.62,JPY,PAYMENT,MER_52d1f5361769,CANCELLED
TXN_6b48349711a1,ACC_1a3cc2853e09,2024-01-04 00:00:00,27415.13,EUR,PAYMENT,MER_436df0b1333a,CANCELLED
TXN_ba2995b45968,ACC_6e6947ed781a,2024-11-26 00:00:00,19492.27,JPY,CREDIT,MER_110adf6cf4e9,CANCELLED
TXN_6e9cc67042d2,ACC_abc4cc4a38d5,2024-11-09 00:00:00,40380.67,GBP,TRANSFER,MER_884cedca505d,FAILED
TXN_16e29c116629,ACC_6dbe0d8ca7a9,2024-04-03 00:00:00,6839.84,USD,PAYMENT,MER_bf08ffc3c479,FAILED
TXN_0368701e44dc,ACC_4fe9fef31222,2024-06-13 00:00:00,979.58,USD,REFUND,MER_5b6dae488982,COMPLETED
TXN_b92e69ae73c4,ACC_d946430ad032,2024-08-12 00:00:00,36358.08,EUR,DEBIT,MER_383ec0c93074,CANCELLED
TXN_91c00ac32d06,ACC_8e620b281118,2024-09-12 00:00:00,49898.19,JPY,DEBIT,MER_60855baf93b5,PENDING
TXN_2030c740d1f2,ACC_9d5a6875a5de,2024-02-06 00:00:00,27164.17,EUR,CREDIT,MER_ec474b11f0ef,FAILED
TXN_5fb2a8a38f63,ACC_a436f3c1bbc8,2024-03-03 00:00:00,48730.18,EUR,PAYMENT,MER_2324392e4752,CANCELLED
TXN_9f4895c510c6,ACC_0b8c63bde38e,2024-04-11 00:00:00,23047.12,USD,REFUND,MER_e09245d639b6,PENDING
TXN_d8f1196cd9cc,ACC_a5b257dadc8b,2024-06-08 00:00:00,46811.4,EUR,DEBIT,MER_fe4a2e2516fa,COMPLETED
TXN_9d38ff65c809,ACC_b6c9d3a9a611,2024-04-11 00:00:00,18027.73,USD,CREDIT,MER_9098b27c3a6f,PENDING
TXN_7c616010a11f,ACC_4508e61d1956,2024-03-26 00:00:00,39721.58,CNY,DEBIT,MER_8cb6374f8c9e,PENDING
TXN_bba7c471a883,ACC_338d967fcfc7,2024-12-19 00:00:00,23768.78,CNY,CREDIT,MER_a7be8c226d02,COMPLETED
TXN_659df6404866,ACC_aec4231b3189,2024-12-17 00:00:00,30936.06,USD,DEBIT,MER_95fbd5067082,PENDING
TXN_012d985493f5,ACC_0190ffbae67e,2024-03-05 00:00:00,24397.27,GBP,REFUND,MER_00dfa219d603,FAILED
TXN_e21557510563,ACC_5902c2c33408,2024-04-08 00:00:00,1077.43,JPY,TRANSFER,MER_af2633e2992e,FAILED
TXN_9d4110802b99,ACC_22c769bc4641,2024-08-12 00:00:00,27955.65,CNY,PAYMENT,MER_d7c27125a9ac,PENDING
TXN_a0d169294980,ACC_cc2bc8689b1c,2024-08-27 00:00:00,13773.47,CNY,REFUND,MER_eee680b7ed69,PENDING
TXN_2e665e36497c,ACC_05b2395efa14,2024-10-04 00:00:00,18361.96,USD,REFUND,MER_d6aed7c402d8,PENDING
TXN_e843b4fdc6c5,ACC_6b62b6fcd988,2024-07-05 00:00:00,38803.07,EUR,TRANSFER,MER_c56b33a0f28c,CANCELLED
TXN_c07453353112,ACC_3de80fde0a50,2024-10-09 00:00:00,7715.03,GBP,TRANSFER,MER_b67a086b41a0,FAILED
TXN_efe1b69f03aa,ACC_9e93b36eee5c,2024-02-04 00:00:00,2198.43,EUR,CREDIT,MER_21abb7526c90,PENDING
TXN_a6931f9f65f7,ACC_05e5ac3d165c,2024-01-17 00:00:00,28554.9,JPY,PAYMENT,MER_f5e117de1425,FAILED
TXN_6667063a7e61,ACC_5b6924dc4085,2024-02-06 00:00:00,664.17,EUR,PAYMENT,MER_009def907b2b,COMPLETED
TXN_16ace227adb1,ACC_e3730e708d6e,2024-07-03 00:00:00,27905.41,JPY,TRANSFER,MER_108ca6bcd896,COMPLETED
TXN_7a23780bec8c,ACC_febfc8a97469,2024-01-21 00:00:00,36717.67,GBP,DEBIT,MER_38b700d90ac8,COMPLETED
TXN_58bf15380b87,ACC_4bc76c6a5f79,2024-07-16 00:00:00,9481.13,CNY,CREDIT,MER_720eb4842f7e,PENDING
TXN_32d8d8ddf8a4,ACC_ed6778e31077,2024-02-24 00:00:00,38316.51,CNY,TRANSFER,MER_4d3e1adf9c36,CANCELLED
TXN_12cf205a273d,ACC_223c50f2aeea,2024-04-02 00:00:00,27502.77,CNY,TRANSFER,MER_ed65f66c88bc,CANCELLED
TXN_dfc2b351f15d,ACC_ea645b69ee8e,2024-10-08 00:00:00,49573.23,GBP,TRANSFER,MER_0edce00fdc16,CANCELLED
TXN_f337011caf8d,ACC_66c7284cada1,2024-05-03 00:00:00,28161.6,EUR,PAYMENT,MER_59e64d5811cd,FAILED
TXN_11de76ccf64c,ACC_305ac3e954a2,2024-07-22 00:00:00,19.78,USD,TRANSFER,MER_86369bfb736e,PENDING
TXN_13b4ece05add,ACC_aa4b6322eb70,2024-06-02 00:00:00,49219.88,EUR,TRANSFER,MER_52a53f1e6547,FAILED
TXN_0edd0124e88c,ACC_d56a2d805fde,2024-10-19 00:00:00,46296.86,EUR,DEBIT,MER_cc6e7c46ab55,FAILED
TXN_9f8707bc84d6,ACC_d2e71be12103,2024-10-25 00:00:00,12500.35,GBP,TRANSFER,MER_31c9b70faf03,CANCELLED
TXN_ca68b3a37bec,ACC_bd270d293128,2024-02-09 00:00:00,36181.79,JPY,CREDIT,MER_d46a487d045c,COMPLETED
TXN_9eef1f3acd95,ACC_856b7b4e837b,2024-10-22 00:00:00,19083.49,USD,TRANSFER,MER_84847d7572bf,CANCELLED
TXN_10e91f76a276,ACC_268486a28780,2024-04-26 00:00:00,37386.46,CNY,DEBIT,MER_6a18052e53b9,CANCELLED
TXN_b0cd9017f183,ACC_976cfb397c00,2024-06-12 00:00:00,27001.09,EUR,TRANSFER,MER_75de52e73e8b,PENDING
TXN_6f81dc7d8af2,ACC_f7b62a01aa7f,2024-07-20 00:00:00,48552.3,CNY,REFUND,MER_25a4dec1b0da,PENDING
TXN_48e5ff71a359,ACC_367360d256d2,2024-03-16 00:00:00,6618.13,USD,PAYMENT,MER_f06321d9f374,COMPLETED
TXN_8bb7021cf429,ACC_2687c168c0ff,2024-07-23 00:00:00,25096.14,EUR,CREDIT,MER_a5b2c1b158cb,PENDING
TXN_6efc245e6395,ACC_417835624f3c,2024-04-10 00:00:00,28062.77,CNY,CREDIT,MER_cc7d10029aea,FAILED
TXN_2b2b16093f48,ACC_058d39ea86cf,2024-10-21 00:00:00,4488.84,JPY,PAYMENT,MER_cfa7c4280f04,PENDING
TXN_8cc851034e82,ACC_3f46a37bcc71,2024-01-13 00:00:00,38486.37,EUR,TRANSFER,MER_ef1d1ed26e8d,CANCELLED
TXN_eacb81b375f4,ACC_55bea30959df,2024-04-29 00:00:00,9992.26,GBP,CREDIT,MER_8b4896a40be3,COMPLETED
TXN_95762b16eb8c,ACC_64d175168319,2024-11-13 00:00:00,46337.22,GBP,DEBIT,MER_3af33f3397dd,COMPLETED
TXN_531997afec1b,ACC_5d239a4f61fa,2024-06-18 00:00:00,10458.39,CNY,CREDIT,MER_05f01cd5f9ea,FAILED
TXN_e2a42d7af851,ACC_f64d9ec340ef,2024-03-13 00:00:00,34756.61,USD,PAYMENT,MER_972d0531a6bb,COMPLETED
TXN_88b78856ffb9,ACC_e0276a497286,2024-04-12 00:00:00,39461.53,CNY,TRANSFER,MER_764fe651299f,COMPLETED
TXN_91e445809dbc,ACC_38a99c412a52,2024-12-05 00:00:00,42605.63,GBP,DEBIT,MER_402adfc31442,CANCELLED
TXN_f6156878c870,ACC_18af3c0184cd,2024-12-29 00:00:00,4989.19,GBP,PAYMENT,MER_8ba7b099a019,COMPLETED
TXN_89284447b32c,ACC_24bbb0203e28,2024-08-22 00:00:00,28038.77,USD,DEBIT,MER_fd4239b8ce4f,FAILED
TXN_b5d18bdf5618,ACC_e89062f5baad,2024-03-21 00:00:00,928.43,GBP,TRANSFER,MER_44f8fd82a36f,PENDING
TXN_4f60966a4bb8,ACC_d7bee45955d2,2024-05-21 00:00:00,40596.52,GBP,PAYMENT,MER_49922f6fd057,COMPLETED
TXN_68b2f69e5490,ACC_3e926b71e4c2,2024-04-25 00:00:00,7593.89,JPY,CREDIT,MER_04391bae6fbe,CANCELLED
TXN_f7fc39d8d5f1,ACC_2ffee7601969,2024-11-16 00:00:00,34329.3,JPY,CREDIT,MER_816a3bfaf290,CANCELLED
TXN_f3760703a6c7,ACC_72e3bb2f0737,2024-06-17 00:00:00,22463.97,EUR,CREDIT,MER_03c691e64966,PENDING
TXN_d3a212d664a8,ACC_d9735646b164,2024-12-27 00:00:00,44933.17,EUR,PAYMENT,MER_fe987c8ebb0f,PENDING
TXN_fa62ed7bb756,ACC_0ef4e4fbb772,2024-03-21 00:00:00,15881.64,CNY,REFUND,MER_398aa4220a70,COMPLETED
TXN_874e3a4db4c9,ACC_e7fd012c258d,2024-03-15 00:00:00,36356.71,GBP,PAYMENT,MER_2f7bb59fd07f,FAILED
TXN_7e463175f9a4,ACC_c7f1fe4f73bf,2024-11-22 00:00:00,46663.17,GBP,CREDIT,MER_a389bc790b51,COMPLETED
TXN_151206fc27a0,ACC_6e7e586c3170,2024-11-09 00:00:00,30851.16,CNY,REFUND,MER_fed8adaa2064,PENDING
TXN_3efd294924bc,ACC_becbeba84e55,2024-02-10 00:00:00,34410.18,JPY,CREDIT,MER_1eb23caf7230,CANCELLED
TXN_c8553caace91,ACC_147726f4eda7,2024-07-17 00:00:00,24577.37,EUR,CREDIT,MER_1e3ff05f23a8,COMPLETED
TXN_8fec9ec99fd3,ACC_a67149d69dbb,2024-05-18 00:00:00,47510.4,EUR,CREDIT,MER_6654a0763e51,COMPLETED
TXN_d708b1379294,ACC_d641b950bde8,2024-08-12 00:00:00,43357.78,JPY,TRANSFER,MER_30ff267c7d87,PENDING
TXN_5f8af1e1630b,ACC_731110ba2db3,2024-11-07 00:00:00,36769.24,JPY,TRANSFER,MER_a24c4930a656,COMPLETED
TXN_529fd000f0c1,ACC_09e3e323b100,2024-01-22 00:00:00,43890.22,EUR,REFUND,MER_c830f2b6d59f,COMPLETED
TXN_668463abbf03,ACC_6ca32bf14a72,2024-11-18 00:00:00,48129.99,EUR,TRANSFER,MER_7387c64f6086,FAILED
TXN_558be5437550,ACC_030e6e68ed55,2024-03-26 00:00:00,21128.88,CNY,DEBIT,MER_de6440583f2d,PENDING
TXN_aa957745b1f9,ACC_3b16499f62af,2024-02-16 00:00:00,36135.11,USD,CREDIT,MER_f382990d84c1,PENDING
TXN_06d461b903c4,ACC_85b46c1f089d,2024-01-13 00:00:00,8952.14,CNY,CREDIT,MER_7527983cbaa1,COMPLETED
TXN_97ef40d6c24e,ACC_77432d476700,2024-12-30 00:00:00,39826.35,USD,DEBIT,MER_c345518e4b33,CANCELLED
TXN_1d402737bdfe,ACC_0caef1171b25,2024-12-28 00:00:00,19210.53,CNY,REFUND,MER_a0d4cda9fb26,CANCELLED
TXN_e1df03bff6e1,ACC_157bc0e00744,2024-03-28 00:00:00,45613.52,CNY,CREDIT,MER_bcc9bf8f8b23,PENDING
TXN_9fb85b575809,ACC_4c86d4f00dc6,2024-08-02 00:00:00,15410.03,JPY,TRANSFER,MER_860269bb7710,COMPLETED
TXN_d578dd7a01e3,ACC_efa05002eb02,2024-01-02 00:00:00,31131.79,GBP,DEBIT,MER_a718ee3fffe7,CANCELLED
TXN_cfb7d392450a,ACC_45c5d8c68913,2024-09-09 00:00:00,11901.54,CNY,PAYMENT,MER_3fc0a709ba62,CANCELLED
TXN_0ec80317f5ef,ACC_b3c2bf9b96f3,2024-05-05 00:00:00,44109.57,GBP,REFUND,MER_b856dd207e43,PENDING
TXN_d9b943a10fa2,ACC_db2581c48f6a,2024-11-30 00:00:00,17457.5,EUR,DEBIT,MER_d4957f17e36c,FAILED
TXN_0ba730012287,ACC_a821b774b2df,2024-02-25 00:00:00,20853.68,EUR,CREDIT,MER_76f788fd7bce,PENDING
TXN_0b9b6a47bd42,ACC_d85a6a0d2988,2024-07-03 00:00:00,46574.68,USD,TRANSFER,MER_9096d2c6cae1,CANCELLED
TXN_2dbb79865eaf,ACC_f4a1dc41c6df,2024-10-08 00:00:00,3255.64,JPY,CREDIT,MER_56ecece12db2,FAILED
TXN_8ef86dc2c539,ACC_c90a2b3d90ab,2024-04-17 00:00:00,34794.52,CNY,DEBIT,MER_ebe85c362df5,COMPLETED
TXN_d01adea17f92,ACC_1f48bfcc441b,2024-12-27 00:00:00,14366.49,CNY,TRANSFER,MER_d3c870bd2487,FAILED
TXN_dab0aa1e3caa,ACC_f645855889e0,2024-09-11 00:00:00,25990.09,JPY,PAYMENT,MER_327f8848f467,PENDING
TXN_0da117655e28,ACC_cb6c45b2dcf9,2024-01-01 00:00:00,5919.17,JPY,DEBIT,MER_62f4527441a6,PENDING
TXN_f0cc8c54241c,ACC_a59505f6472e,2024-07-30 00:00:00,2284.15,GBP,REFUND,MER_d57bb9410629,PENDING
TXN_d4b7bfcaa27a,ACC_492661817494,2024-05-24 00:00:00,12728.33,USD,TRANSFER,MER_09ff37aa4e54,FAILED
TXN_0a4fa8892521,ACC_10394b1662a8,2024-06-19 00:00:00,17074.67,CNY,REFUND,MER_5cbd72e29abd,PENDING
TXN_c510e5a26337,ACC_b8b883bcc101,2024-12-10 00:00:00,23960.62,JPY,DEBIT,MER_8bc16596f1e9,CANCELLED
TXN_086fb8a1832b,ACC_20f904abb27f,2024-10-01 00:00:00,44797.47,JPY,PAYMENT,MER_d5d692b87a8c,COMPLETED
TXN_0c105e230ce4,ACC_edeaa8acfd63,2024-12-13 00:00:00,15781.99,CNY,DEBIT,MER_f2db769714a3,FAILED
TXN_c2e9b824cffb,ACC_7e39eb5a7c2b,2024-06-30 00:00:00,3319.99,EUR,TRANSFER,MER_509dfd3cc45f,FAILED
TXN_1619e2ce4966,ACC_63abf5c1db64,2024-03-25 00:00:00,28553.37,JPY,CREDIT,MER_fc22bc1b321a,FAILED
TXN_dc083f6fe182,ACC_ab313b984398,2024-01-17 00:00:00,13582.16,USD,PAYMENT,MER_35ca439f3d2a,FAILED
TXN_b604e63e00fb,ACC_b46eba6c900f,2024-04-20 00:00:00,26259.77,EUR,DEBIT,MER_7a1dfddc1701,COMPLETED
TXN_4788a9affa69,ACC_3f54269a2bcc,2024-08-15 00:00:00,25304.67,JPY,REFUND,MER_32fbd9f5d078,FAILED
TXN_c850906ccbd3,ACC_9434af5de85f,2024-09-25 00:00:00,15524.83,GBP,CREDIT,MER_7dd9189f0a8d,COMPLETED
TXN_69ab65a04ade,ACC_7918979064d2,2024-12-12 00:00:00,49636.09,EUR,DEBIT,MER_d0747ac1192c,COMPLETED
TXN_a783fb62e997,ACC_282678675d5b,2024-12-17 00:00:00,42407.72,USD,TRANSFER,MER_0b6b66323164,COMPLETED
TXN_86abac5592c2,ACC_18192d54d339,2024-06-08 00:00:00,1133.79,GBP,CREDIT,MER_df983231d66a,PENDING
TXN_9e770b6c8f5b,ACC_3c93c2c6447c,2024-08-13 00:00:00,33559.49,GBP,CREDIT,MER_29e13e029a16,COMPLETED
TXN_9e72ef1351e8,ACC_0c2f3d051c90,2024-09-20 00:00:00,5127.74,CNY,TRANSFER,MER_9cb6d86aa2ad,FAILED
TXN_0f86a86d10f8,ACC_fcd8c141a705,2024-05-25 00:00:00,28708.41,EUR,DEBIT,MER_60e6389bf232,FAILED
TXN_c65d9a20f16b,ACC_8392c4e2ab4b,2024-01-15 00:00:00,23542.07,USD,DEBIT,MER_67aa6d677b84,COMPLETED
TXN_0548e3ff08d4,ACC_51bb579c5107,2024-11-01 00:00:00,44564.88,JPY,REFUND,MER_6c4b9df57ff8,FAILED
TXN_c561bc629392,ACC_fc5bbb13e46c,2024-12-09 00:00:00,40466.9,USD,PAYMENT,MER_2343410ff20c,COMPLETED
TXN_f674aff8a4b2,ACC_64c49a71d0aa,2024-08-27 00:00:00,4872.18,GBP,PAYMENT,MER_bba2ea6fc16a,PENDING
TXN_cd0cd274af27,ACC_370e9248c3b3,2024-05-12 00:00:00,45643.95,JPY,CREDIT,MER_f91a870bb6d1,FAILED
TXN_9f2e22c6c803,ACC_f60c460df3be,2024-08-20 00:00:00,24380.46,USD,PAYMENT,MER_c953e99a4872,CANCELLED
TXN_0d456d1b1445,ACC_89f1a8597af4,2024-06-27 00:00:00,30225.97,EUR,REFUND,MER_ee397d617ee6,COMPLETED
TXN_29d0d57a16c9,ACC_24a05ddac29e,2024-06-03 00:00:00,26641.95,JPY,REFUND,MER_052c3028229a,PENDING
TXN_d54a1028655a,ACC_a402af5e2b91,2024-07-15 00:00:00,3312.34,EUR,REFUND,MER_c5a20f1059d4,CANCELLED
TXN_644d75db01f9,ACC_164d88e230fc,2024-12-21 00:00:00,11815.35,USD,REFUND,MER_2c4ca7fe74a8,COMPLETED
TXN_426bea3a4bf0,ACC_238875b4fa28,2024-10-11 00:00:00,4891.72,JPY,CREDIT,MER_1be71460a46d,CANCELLED
TXN_521c87e6261d,ACC_d92d6cefd550,2024-11-01 00:00:00,38569.46,JPY,TRANSFER,MER_3c68827152e9,COMPLETED
TXN_9b2f1a688306,ACC_e7762b41b0cd,2024-10-24 00:00:00,45163.77,USD,CREDIT,MER_2f0c1d65e22c,CANCELLED
TXN_2941f1ce68dd,ACC_2a6d6d57e906,2024-10-22 00:00:00,22363.52,EUR,TRANSFER,MER_42eee15ac078,FAILED
TXN_79489b0a7159,ACC_e33c7133db61,2024-06-25 00:00:00,49514.56,CNY,DEBIT,MER_cb5aad8428e7,CANCELLED
TXN_8c653e2ed459,ACC_5534383674ee,2024-02-01 00:00:00,18467.45,CNY,DEBIT,MER_eabcd5f898f3,FAILED
TXN_3a3b51426198,ACC_e8ea9f8c3e40,2024-01-16 00:00:00,11769.71,CNY,PAYMENT,MER_86f09dae42ce,CANCELLED
TXN_8b8315778ce8,ACC_e39f5d585884,2024-04-18 00:00:00,33127.75,JPY,CREDIT,MER_27867c1bf5fd,CANCELLED
TXN_372cbdb73f63,ACC_80feb4dbaadb,2024-08-01 00:00:00,7721.82,EUR,CREDIT,MER_2201abb87552,COMPLETED
TXN_86134e93d933,ACC_e65128301cf2,2024-12-02 00:00:00,21842.39,EUR,DEBIT,MER_ac9ef18ae0c7,CANCELLED
TXN_17c23500553d,ACC_ea7b094f9147,2024-12-22 00:00:00,30225.43,JPY,REFUND,MER_163c062152e7,CANCELLED
TXN_220ae51ef7a3,ACC_6f5f3ab7983e,2024-06-30 00:00:00,11294.79,JPY,REFUND,MER_66742f65bb40,CANCELLED
TXN_88828b38c8d5,ACC_aaa44712531d,2024-09-13 00:00:00,13469.83,CNY,REFUND,MER_a2f2de1e0beb,COMPLETED
TXN_57137784241a,ACC_dc241906318d,2024-02-27 00:00:00,29017.64,USD,CREDIT,MER_4e95b638cf3a,FAILED
TXN_4e4c2f4bcba2,ACC_561b84334683,2024-11-08 00:00:00,4431.43,JPY,DEBIT,MER_68602a095d67,FAILED
TXN_e7f3c2220363,ACC_3c7e77afdaad,2024-09-30 00:00:00,38928.57,JPY,PAYMENT,MER_93d3d9d50113,CANCELLED
TXN_2f5dfa5a93b7,ACC_41ca4fe8f189,2024-06-29 00:00:00,48029.46,GBP,TRANSFER,MER_73868daff2a7,FAILED
TXN_d50ff740ed50,ACC_ab50a21a6f33,2024-02-01 00:00:00,31468.71,CNY,CREDIT,MER_90bb46b22d8c,FAILED
TXN_af2f6c37e2b0,ACC_e4119768962d,2024-05-26 00:00:00,24243.16,EUR,REFUND,MER_5445a09661fb,FAILED
TXN_dc3421590f0b,ACC_c0849e6d827a,2024-05-20 00:00:00,42894.34,USD,DEBIT,MER_9822b9244c69,PENDING
TXN_630fea9561cb,ACC_4dc280cc508c,2024-03-30 00:00:00,13070.02,EUR,PAYMENT,MER_2b2a5fcdc20c,COMPLETED
TXN_ecbf56be3c74,ACC_d89e1af2a9e3,2024-03-15 00:00:00,29781.25,EUR,PAYMENT,MER_25ad759196ba,CANCELLED
TXN_a07ba7095851,ACC_759181d9059f,2024-08-13 00:00:00,36302.69,EUR,CREDIT,MER_d74c4b19dd1a,FAILED
TXN_e00fd7ea46f9,ACC_e4edf8969ec3,2024-02-29 00:00:00,2635.63,JPY,PAYMENT,MER_4a79b18c6b62,CANCELLED
TXN_0428e9ec5375,ACC_b1eb38222766,2024-09-29 00:00:00,11690.73,JPY,PAYMENT,MER_17cf7dcba82e,CANCELLED
TXN_6e85171354f7,ACC_bb951515d7bd,2024-08-17 00:00:00,19106.38,GBP,REFUND,MER_09e806a28cee,COMPLETED
TXN_b9da9c1d3846,ACC_0baee5d5307c,2024-06-30 00:00:00,47809.62,JPY,REFUND,MER_8e9e2d8e93dd,FAILED
TXN_6e8d8bc7d47a,ACC_c52993efabdc,2024-02-20 00:00:00,12774.64,CNY,PAYMENT,MER_7d47a1afa959,PENDING
TXN_803728ddf8d3,ACC_5da3fd9f5c4a,2024-04-09 00:00:00,26002.42,EUR,TRANSFER,MER_9408802ff292,COMPLETED
TXN_ae0aa0af3c08,ACC_5b3d86c99d11,2024-02-20 00:00:00,26267.96,JPY,TRANSFER,MER_4f4478b43002,FAILED
TXN_5eb1b6458905,ACC_9f9e18b57877,2024-11-13 00:00:00,4606.14,CNY,CREDIT,MER_6830aa41b687,COMPLETED
TXN_15086edd490a,ACC_3c809a12db92,2024-11-05 00:00:00,6504.06,CNY,CREDIT,MER_85f5ce7fa3c2,PENDING
TXN_e3c9d525a8e1,ACC_bb351a4763bc,2024-02-08 00:00:00,31942.64,GBP,PAYMENT,MER_aad2465bc3cc,FAILED
TXN_fec17b0afe49,ACC_dc0c6e648a1b,2024-05-21 00:00:00,38857.53,JPY,PAYMENT,MER_5437a7662f6e,COMPLETED
TXN_7d76e9b78144,ACC_0abcd712ee2c,2024-04-01 00:00:00,22034.34,JPY,CREDIT,MER_7b2a7b19c5c9,PENDING
TXN_ecf1569e34f9,ACC_f551b50040b6,2024-10-03 00:00:00,38437.68,EUR,REFUND,MER_024eb6c3c4dd,CANCELLED
TXN_4e8be8863208,ACC_1981960f5ecd,2024-02-07 00:00:00,3529.91,GBP,PAYMENT,MER_2b0f77a63f93,CANCELLED
TXN_c4bde45118ae,ACC_c8f10e1812d7,2024-01-20 00:00:00,33233.65,GBP,CREDIT,MER_2f2751074929,CANCELLED
TXN_9e1a6d82b53c,ACC_a0faea238054,2024-09-08 00:00:00,23912.19,JPY,DEBIT,MER_74f18d4a4a76,COMPLETED
TXN_7d7f55e9eec2,ACC_b46461ecdff7,2024-09-03 00:00:00,6068.97,CNY,TRANSFER,MER_d479ba1d4dd9,FAILED
TXN_014ee9c2be92,ACC_c350786e10de,2024-11-27 00:00:00,4542.44,CNY,TRANSFER,MER_0b50bf746333,CANCELLED
TXN_22db59980b05,ACC_db26658d0dec,2024-04-13 00:00:00,8839.15,USD,PAYMENT,MER_5e21b82cec24,FAILED
TXN_b3e51eb8499b,ACC_adf81c1bdc07,2024-11-18 00:00:00,34445.24,JPY,DEBIT,MER_8a429053c9b2,CANCELLED
TXN_7e4a9c9aae7c,ACC_600e9186a0a8,2024-04-08 00:00:00,1277.98,CNY,CREDIT,MER_a03f50ee246d,COMPLETED
TXN_dd7a2571a71c,ACC_c8f8c890e8b5,2024-09-12 00:00:00,26701.66,JPY,DEBIT,MER_dac8a48303eb,COMPLETED
TXN_b7c5572a8907,ACC_3cfaba723385,2024-07-26 00:00:00,5918.17,CNY,PAYMENT,MER_628e95f5a671,PENDING
TXN_b5d28f994e6d,ACC_62bde7c9caa5,2024-02-06 00:00:00,1853.51,EUR,PAYMENT,MER_b09d2a541152,CANCELLED
TXN_668117901e7f,ACC_bacbeb48d031,2024-05-04 00:00:00,35067.83,EUR,DEBIT,MER_cdeb474279fd,COMPLETED
TXN_d53f8589a856,ACC_0e1896955e45,2024-02-19 00:00:00,22814.67,EUR,REFUND,MER_64e4db96d9a7,COMPLETED
TXN_3f4eda78f458,ACC_f33d995d03a5,2024-11-11 00:00:00,11036.42,EUR,PAYMENT,MER_a1d59b1f1318,CANCELLED
TXN_4c177aa3a8db,ACC_adf8baf7558f,2024-10-21 00:00:00,27298.78,GBP,CREDIT,MER_8cf2af6f1eb2,PENDING
TXN_a1ae13d3ebe0,ACC_44371c60455c,2024-03-13 00:00:00,37879.93,EUR,TRANSFER,MER_4a2feb7e2318,CANCELLED
TXN_9a5bc81363b3,ACC_c0eacc51c9f1,2024-03-09 00:00:00,5007.39,CNY,PAYMENT,MER_adb51f2bd50e,COMPLETED
TXN_7246676b1652,ACC_af49603390d5,2024-01-04 00:00:00,8978.85,USD,REFUND,MER_94ac8e0e59fb,CANCELLED
TXN_c854bd5dc0fa,ACC_4bd88ac41358,2024-08-31 00:00:00,34620.99,EUR,CREDIT,MER_64b98c8c294a,CANCELLED
TXN_be6ceb1ee544,ACC_a518aa76d4b1,2024-11-08 00:00:00,34586.76,CNY,CREDIT,MER_851692a415ae,COMPLETED
TXN_bdf8054dc59c,ACC_130a4b0f58b5,2024-06-27 00:00:00,20945.11,CNY,CREDIT,MER_dabc49cff380,COMPLETED
TXN_5d1309e7b16c,ACC_31aaf719e125,2024-10-03 00:00:00,25381.96,JPY,CREDIT,MER_073271e410c9,PENDING
TXN_ac8a5712ff1c,ACC_0396794a0e9d,2024-08-30 00:00:00,24880.77,EUR,DEBIT,MER_b99643864d7d,FAILED
TXN_9c2d56c97522,ACC_81377b39577f,2024-06-20 00:00:00,30844.8,JPY,DEBIT,MER_ad26277cc325,COMPLETED
TXN_16fc46043725,ACC_8849efbb9b06,2024-01-15 00:00:00,24258.22,USD,DEBIT,MER_195ef32c7fe6,CANCELLED
TXN_b3364d8599ed,ACC_cf2b0adb4f9d,2024-04-11 00:00:00,37356.87,GBP,CREDIT,MER_1fd542c82fee,FAILED
TXN_c5bcdd0025e6,ACC_22dbc9100066,2024-07-30 00:00:00,43495.62,JPY,CREDIT,MER_727ce1dcbea5,CANCELLED
TXN_98a5d94ee18e,ACC_4c3c5667f13c,2024-04-20 00:00:00,46395.08,JPY,CREDIT,MER_3b10bb4c7bec,PENDING
TXN_93856db91795,ACC_9708e955eec6,2024-07-02 00:00:00,48778.04,EUR,TRANSFER,MER_88bb676276e3,COMPLETED
TXN_b809933c6196,ACC_9a4602ebf943,2024-08-26 00:00:00,22934.36,EUR,TRANSFER,MER_3fcb216be08e,FAILED
TXN_a90a8b0f8551,ACC_bda89817b210,2024-11-22 00:00:00,47638.48,EUR,REFUND,MER_48c55791b8c9,PENDING
TXN_ce64725ee4d4,ACC_a4b795d9aa0b,2024-09-07 00:00:00,43111.33,EUR,REFUND,MER_a6e1be67b30a,CANCELLED
TXN_75a7054a7f5d,ACC_1b69b6cde039,2024-05-06 00:00:00,12399.09,JPY,REFUND,MER_f44c3228ae58,PENDING
TXN_5f86987899b6,ACC_7b42eaa7e73b,2024-08-01 00:00:00,49009.4,USD,PAYMENT,MER_4d2a51cc8904,COMPLETED
TXN_5e6e3ff448e2,ACC_82e54e41c6a6,2024-12-22 00:00:00,41066.35,JPY,PAYMENT,MER_e1ec9576fac4,COMPLETED
TXN_da9ad7d274c3,ACC_d1fc6704dcbe,2024-04-21 00:00:00,6644.27,GBP,CREDIT,MER_a792d6f85b4c,COMPLETED
TXN_9e0078268abd,ACC_8501fa37eeb3,2024-03-23 00:00:00,35168.19,CNY,REFUND,MER_b61f9c8f29ed,CANCELLED
TXN_693e7f14ed59,ACC_5785a425c0f0,2024-12-26 00:00:00,20273.97,GBP,PAYMENT,MER_5c2f5737ae97,COMPLETED
TXN_b06cb8395a43,ACC_f5db63ed34ea,2024-12-19 00:00:00,16651.98,USD,TRANSFER,MER_67c78afea5e3,FAILED
TXN_35bc6e61efff,ACC_0458bd9a95bd,2024-10-21 00:00:00,39725.99,USD,REFUND,MER_f226e5e0edee,COMPLETED
TXN_d7aad58571d4,ACC_faf3fdb56291,2024-07-05 00:00:00,44400.02,USD,PAYMENT,MER_01be12b87297,COMPLETED
TXN_0515173a344a,ACC_82d275c71579,2024-10-13 00:00:00,35246.63,CNY,CREDIT,MER_15184378ee05,FAILED
TXN_d86e9c812dc7,ACC_7235e8a37643,2024-09-01 00:00:00,36871.63,CNY,CREDIT,MER_253c2e786db3,PENDING
TXN_b9545ca56570,ACC_9f6b26977809,2024-09-14 00:00:00,34014.53,GBP,DEBIT,MER_6d45a7b851a5,FAILED
TXN_045f8c33b06f,ACC_3560bb23bd80,2024-03-03 00:00:00,23513.49,CNY,REFUND,MER_f6649af49d67,CANCELLED
TXN_b933ba67e7bb,ACC_d917cee2fd87,2024-12-20 00:00:00,40441.71,USD,CREDIT,MER_00137d2f647d,CANCELLED
TXN_c59dc6f2693a,ACC_52b5466a4883,2024-04-01 00:00:00,14425.75,USD,DEBIT,MER_67ce36f3f3f7,COMPLETED
TXN_7d5bfc5bc304,ACC_fddda3bcee32,2024-04-14 00:00:00,26039.18,USD,TRANSFER,MER_e1ae911690bc,PENDING
TXN_50929b16f9af,ACC_a1ae8ffa5207,2024-11-26 00:00:00,1083.9,EUR,DEBIT,MER_262314d3554d,PENDING
TXN_eb752477f752,ACC_1e7444a7abf8,2024-06-20 00:00:00,20590.47,GBP,TRANSFER,MER_46e2f77016df,CANCELLED
TXN_ad1bdb5dd389,ACC_fe36d9571631,2024-06-05 00:00:00,8595.14,GBP,CREDIT,MER_86de563aea68,FAILED
TXN_5262aafc2d7b,ACC_726620ee2420,2024-06-29 00:00:00,14226.26,EUR,REFUND,MER_128bafbda4b6,FAILED
TXN_9297f90d7fe6,ACC_db8eb11a9028,2024-12-28 00:00:00,34646.03,EUR,CREDIT,MER_4d7996b9bef6,COMPLETED
TXN_2c89b511c471,ACC_8af3a1c1de4e,2024-08-13 00:00:00,13027.76,EUR,CREDIT,MER_ba3dc16d2836,COMPLETED
TXN_789edcbdf221,ACC_200094fcf6e3,2024-03-16 00:00:00,18652.02,CNY,CREDIT,MER_5f08c7940e93,COMPLETED
TXN_15dc4481d27b,ACC_08fb98fd9d1f,2024-09-12 00:00:00,38428.22,JPY,TRANSFER,MER_de1b9f5276d7,FAILED
TXN_956fffe0d78c,ACC_6778a1d8c714,2024-05-28 00:00:00,48480.58,CNY,CREDIT,MER_5b3932b0ab0e,CANCELLED
TXN_4fd338aab4af,ACC_702db1cc417d,2024-09-02 00:00:00,45009.72,EUR,REFUND,MER_01c568b7a4c0,COMPLETED
TXN_a3e449d61901,ACC_5d4e41b024e8,2024-08-16 00:00:00,17876.1,GBP,DEBIT,MER_74309d93985c,PENDING
TXN_c96c198223b6,ACC_58be376f260c,2024-05-22 00:00:00,9793.83,USD,REFUND,MER_a1d3aa0c6853,COMPLETED
TXN_1056eccf5b8f,ACC_2af3bc7c6b3e,2024-09-08 00:00:00,15894.71,CNY,REFUND,MER_bd48e9f11a6f,FAILED
TXN_8ba6348c2478,ACC_6cff918594ff,2024-08-06 00:00:00,18487.8,GBP,DEBIT,MER_a1cc6e4b258a,FAILED
TXN_6a80ca5b96a4,ACC_061c07332ba0,2024-10-14 00:00:00,4389.06,JPY,PAYMENT,MER_2e1d5cf05ac1,FAILED
TXN_f4a252ab808f,ACC_73c2b20d4590,2024-08-05 00:00:00,36432.99,JPY,CREDIT,MER_1ce678ca4f27,COMPLETED
TXN_455133bd565d,ACC_c67f846379a9,2024-09-25 00:00:00,49332.05,USD,REFUND,MER_201c2e7b39a3,COMPLETED
TXN_97bc1dccc034,ACC_e0f34a7f9079,2024-05-19 00:00:00,20731.56,CNY,PAYMENT,MER_47c657e8f5c9,PENDING
TXN_7d86c9f70e74,ACC_a38d83409780,2024-05-28 00:00:00,27697.81,USD,TRANSFER,MER_7fcd9d9716fe,FAILED
TXN_3d2839b5c45d,ACC_4a10cdea9713,2024-04-24 00:00:00,1351.73,USD,CREDIT,MER_5a9722a913d8,CANCELLED
TXN_c9db5ad8c78e,ACC_864333e0210f,2024-05-27 00:00:00,20863.67,JPY,CREDIT,MER_66473ef2b795,FAILED
TXN_03bf59142b76,ACC_54c2bd4b0294,2024-11-02 00:00:00,37280.82,CNY,PAYMENT,MER_a54629f86414,FAILED
TXN_e4476cd07a38,ACC_ff2d370067c2,2024-12-21 00:00:00,40915.86,GBP,REFUND,MER_ce53d01d60ba,COMPLETED
TXN_5e457da581f6,ACC_0d91f4ad1ccd,2024-01-30 00:00:00,7315.39,JPY,CREDIT,MER_074535de4989,COMPLETED
TXN_1dc5a47e4887,ACC_dc14097638f1,2024-07-01 00:00:00,2445.26,GBP,REFUND,MER_f3976cde5e22,COMPLETED
TXN_38a3718f4468,ACC_55dd5a4264cd,2024-04-03 00:00:00,38236.82,CNY,CREDIT,MER_868fe8720e4e,FAILED
TXN_0ad02525b1c8,ACC_912b3a0ea4cf,2024-06-03 00:00:00,13580.23,GBP,DEBIT,MER_c3fd81c46b40,FAILED
TXN_05b60f4a62de,ACC_0fb096d8ffbd,2024-09-22 00:00:00,14078.07,JPY,PAYMENT,MER_4f5cca4f4813,PENDING
TXN_a0d0fc3f6492,ACC_9c673dafe106,2024-04-23 00:00:00,41580.36,CNY,REFUND,MER_68b30940d3d5,COMPLETED
TXN_67d7eb4b6cff,ACC_7f0c9385f4b2,2024-02-29 00:00:00,40944.05,USD,PAYMENT,MER_1806be905dd7,FAILED
TXN_a9bea583aa1d,ACC_473d19d921b2,2024-11-01 00:00:00,26160.82,GBP,CREDIT,MER_f0a51728bfb2,COMPLETED
TXN_22d4398c4139,ACC_5e8af67e60ef,2024-03-06 00:00:00,42842.19,EUR,CREDIT,MER_eff808c2967e,PENDING
TXN_e63ea38d7f0c,ACC_63aff0b67748,2024-12-19 00:00:00,38153.55,USD,DEBIT,MER_6c39172492d9,CANCELLED
TXN_4834e12b4cb7,ACC_b686c7ca5814,2024-02-25 00:00:00,1649.31,CNY,REFUND,MER_33742e1a7aee,COMPLETED
TXN_505cc8dcd63b,ACC_1302dd2990a6,2024-06-03 00:00:00,33382.65,USD,DEBIT,MER_cc75466a2899,PENDING
TXN_b02356cce1ce,ACC_2cb7336eb6ce,2024-12-09 00:00:00,17583.17,USD,CREDIT,MER_a8daa7feb7db,FAILED
TXN_187013896e47,ACC_1fc0a321e9f9,2024-03-23 00:00:00,42758.35,CNY,CREDIT,MER_6fc3a64e3655,COMPLETED
TXN_53af0da25bf5,ACC_0e5f0aa269ae,2024-01-08 00:00:00,26446.65,EUR,TRANSFER,MER_988692a9318b,COMPLETED
TXN_574461595b01,ACC_ec3b5f9ecdb7,2024-04-19 00:00:00,46024.65,JPY,TRANSFER,MER_e94e5368dba4,PENDING
TXN_6ea3af74d02e,ACC_e2951282c281,2024-04-02 00:00:00,41738.76,JPY,PAYMENT,MER_1dca0ea75061,PENDING
TXN_db66c267e297,ACC_44e8cb9cfa13,2024-06-09 00:00:00,6189.53,USD,REFUND,MER_22603ed6f1bb,FAILED
TXN_0ef44f608619,ACC_64f7039ff709,2024-01-21 00:00:00,4121.57,JPY,DEBIT,MER_72a7dea21f8a,CANCELLED
TXN_e505ddf028cf,ACC_9f86a3bca41a,2024-08-15 00:00:00,11301.41,JPY,TRANSFER,MER_440d570fcafd,CANCELLED
TXN_f0b334c015d5,ACC_691ebd92812a,2024-08-31 00:00:00,46954.71,GBP,CREDIT,MER_10a944cc2c6b,CANCELLED
TXN_0b3e715d462a,ACC_547f2672c9f8,2024-09-24 00:00:00,32930.83,USD,DEBIT,MER_2f42fbe59ee3,CANCELLED
TXN_898a95514035,ACC_bb49c99ed4dd,2024-03-27 00:00:00,3244.87,EUR,TRANSFER,MER_9da41a373d0c,CANCELLED
TXN_80f8986b4a0f,ACC_c6587af27ad1,2024-09-12 00:00:00,13933.13,CNY,REFUND,MER_b67f082a1209,CANCELLED
TXN_87e9cb7be8c5,ACC_dbd995a15126,2024-07-26 00:00:00,49376.28,CNY,TRANSFER,MER_71b6aa445f96,CANCELLED
TXN_7e7d24bd6163,ACC_fd4de0163bb2,2024-09-11 00:00:00,11548.78,EUR,DEBIT,MER_3fbf016f691b,COMPLETED
TXN_3cefb4b98c23,ACC_40963c8eca0c,2024-01-14 00:00:00,48603.91,JPY,REFUND,MER_ed02d19a3993,PENDING
TXN_d88d961f36ee,ACC_662ee4ded2c8,2024-02-09 00:00:00,33057.42,CNY,PAYMENT,MER_d5c411accf31,PENDING
TXN_cbe2a10334bf,ACC_5b74d90e02ba,2024-09-15 00:00:00,13090.65,GBP,REFUND,MER_60fca41ae2ed,COMPLETED
TXN_cba40d30484d,ACC_2e3d315634e0,2024-03-01 00:00:00,19187.66,GBP,PAYMENT,MER_caa78d949f9e,COMPLETED
TXN_6988d6bbd7bb,ACC_5370e411e0e3,2024-06-04 00:00:00,44236.16,EUR,PAYMENT,MER_75cf2fc7dd3f,FAILED
TXN_e5de6ce9f2bc,ACC_4904b8adc8b0,2024-02-26 00:00:00,28447.07,JPY,REFUND,MER_10468f6b5db6,CANCELLED
TXN_b45c31289fc5,ACC_dbf163c09d85,2024-09-16 00:00:00,2796.3,GBP,PAYMENT,MER_9254202d5f76,CANCELLED
TXN_00b4ba22524f,ACC_d633d6bdaa62,2024-05-25 00:00:00,16030.93,USD,REFUND,MER_8e51b24ccccc,FAILED
TXN_842cc8a5d3c8,ACC_3dedb86acd8d,2024-01-14 00:00:00,38262.05,GBP,PAYMENT,MER_92718efdec00,FAILED
TXN_d814522167ef,ACC_d69c98b0e15a,2024-01-29 00:00:00,33065.39,EUR,CREDIT,MER_ece95b3559d4,COMPLETED
TXN_47d3c0253910,ACC_e435b83dacd8,2024-06-05 00:00:00,5732.42,EUR,DEBIT,MER_0c3fe3ae887f,COMPLETED
TXN_aa40011a611c,ACC_4ec4b1dbdc4a,2024-10-17 00:00:00,25742.84,JPY,TRANSFER,MER_407aa1c0d278,CANCELLED
TXN_80509a49c847,ACC_abcb46d8d337,2024-07-12 00:00:00,28521.97,GBP,REFUND,MER_3d8eb90bc252,CANCELLED
TXN_17154851950a,ACC_89591a43e435,2024-06-21 00:00:00,24841.6,GBP,CREDIT,MER_ef4458c6ce9d,FAILED
TXN_490c9d295d80,ACC_c240355b28b9,2024-11-21 00:00:00,42368.23,USD,REFUND,MER_8912b8101523,FAILED
TXN_8d8e9f97f440,ACC_bc51472c45b7,2024-07-24 00:00:00,40232.1,CNY,DEBIT,MER_bdaa2eb1121c,COMPLETED
TXN_ad8312fabd35,ACC_a9f5345f9205,2024-10-17 00:00:00,40061.27,JPY,PAYMENT,MER_f7c78cb2611f,COMPLETED
TXN_574bf03cd05b,ACC_ea2744f7545f,2024-06-02 00:00:00,21651.2,CNY,TRANSFER,MER_759634f9eccb,CANCELLED
TXN_da9bc3ee7d08,ACC_ad2a081e329d,2024-12-09 00:00:00,38174.48,EUR,DEBIT,MER_0935016a2c9c,PENDING
TXN_f36984169946,ACC_864a71887b25,2024-08-27 00:00:00,13404.12,CNY,REFUND,MER_a70c6157b809,CANCELLED
TXN_5832908a4142,ACC_177de731ba5a,2024-01-31 00:00:00,26118.26,GBP,PAYMENT,MER_865c4186cd1f,PENDING
TXN_67db71cb59e2,ACC_0a59ffb167d6,2024-08-10 00:00:00,20518.91,USD,CREDIT,MER_8c216938fe9d,FAILED
TXN_a76f0c310a00,ACC_fd75605b1e89,2024-05-11 00:00:00,34345.88,EUR,PAYMENT,MER_917eb66e92fe,PENDING
TXN_ca1b2af6a876,ACC_9d7a37fdb2cc,2024-06-07 00:00:00,23213.34,CNY,PAYMENT,MER_d69ab00e98cd,COMPLETED
TXN_b39bceeac0d6,ACC_5b3dc4206239,2024-01-15 00:00:00,12927.26,GBP,REFUND,MER_c82d52f7533a,COMPLETED
TXN_287a3c28c129,ACC_63359df3ff48,2024-01-11 00:00:00,2775.81,USD,TRANSFER,MER_ad4fa25ac85f,COMPLETED
TXN_5b3083614cb1,ACC_2e74cec56a1e,2024-07-05 00:00:00,33586.89,USD,PAYMENT,MER_815388ff7be3,PENDING
TXN_fe0f1792be8e,ACC_4021390ad42c,2024-09-13 00:00:00,46647.44,CNY,REFUND,MER_5b24b0b0aabc,FAILED
TXN_6d74de241b71,ACC_167b78d91013,2024-11-03 00:00:00,6122.62,GBP,TRANSFER,MER_8f837cc83d08,CANCELLED
TXN_f0743cb285b9,ACC_b255f7d2a05b,2024-08-04 00:00:00,10908.24,USD,CREDIT,MER_85fb7dea7ecd,FAILED
TXN_5aedcd08e472,ACC_1ad82392d197,2024-10-28 00:00:00,2805.71,CNY,TRANSFER,MER_71942621d42a,COMPLETED
TXN_2992c6c61228,ACC_ac9a7f3b1c22,2024-12-15 00:00:00,12324.87,GBP,CREDIT,MER_cb23ebea94b4,FAILED
TXN_038b2d2bd130,ACC_07cd28fcca2c,2024-11-06 00:00:00,1750.12,USD,CREDIT,MER_5267c5573c3a,CANCELLED
TXN_e260a5aaec01,ACC_0c5d9feb8f83,2024-07-04 00:00:00,45158.82,USD,REFUND,MER_6d12686fd6bc,CANCELLED
TXN_049cb7b19718,ACC_e216fb0c87dd,2024-07-20 00:00:00,46376.09,GBP,TRANSFER,MER_3ba5efc0ead3,PENDING
TXN_b1fff38f7a2c,ACC_184b322aca2e,2024-03-23 00:00:00,45795.38,GBP,PAYMENT,MER_6d45e1b09d1b,FAILED
TXN_cd782bb176f6,ACC_ff6e392301e7,2024-09-08 00:00:00,23559.85,JPY,TRANSFER,MER_a595af00e7e1,COMPLETED
TXN_ba46ea6ea57a,ACC_442d66367496,2024-09-16 00:00:00,3327.7,JPY,REFUND,MER_f08d09725d84,FAILED
TXN_73bac2575891,ACC_c43889b5df28,2024-01-27 00:00:00,32072.23,EUR,PAYMENT,MER_7f6f5619c21f,PENDING
TXN_040a6b2e9a8c,ACC_9b406fb0ff45,2024-06-05 00:00:00,15692.95,USD,DEBIT,MER_71b0553d16a4,PENDING
TXN_1580ecc2336f,ACC_b96ac3c9d4bf,2024-06-12 00:00:00,22579.98,EUR,TRANSFER,MER_c57e137c01fb,FAILED
TXN_1048b51a0889,ACC_4e236888113e,2024-07-31 00:00:00,18386.3,JPY,PAYMENT,MER_91be6d007089,PENDING
TXN_447a14c808c6,ACC_c1f38c90a8ce,2024-10-12 00:00:00,32358.86,EUR,DEBIT,MER_4c7d02d0b955,PENDING
TXN_85989358daf0,ACC_856692688580,2024-01-26 00:00:00,20057.74,JPY,REFUND,MER_f1dda4b2e4c9,COMPLETED
TXN_4429b7add9a0,ACC_a649f98fc22b,2024-10-17 00:00:00,5876.35,CNY,PAYMENT,MER_b3c502c6a3e6,CANCELLED
TXN_bbd007c13798,ACC_244b2c8fb93a,2024-04-24 00:00:00,35681.05,EUR,TRANSFER,MER_440d2e943498,CANCELLED
TXN_1d97c0a26f22,ACC_969ff399f80f,2024-04-15 00:00:00,30008.14,GBP,CREDIT,MER_06dc382d8717,CANCELLED
TXN_f66aa3d451e2,ACC_f8db2634d7cb,2024-05-14 00:00:00,11781.93,JPY,CREDIT,MER_69c48632a0eb,CANCELLED
TXN_330c46be4e60,ACC_4eb1f1f6a39e,2024-06-14 00:00:00,48720.21,JPY,CREDIT,MER_9cacde0b3e4c,CANCELLED
TXN_fc1b0624793e,ACC_7881e2d1c2f8,2024-02-18 00:00:00,27854.43,USD,TRANSFER,MER_cffefcb656ec,CANCELLED
TXN_e5c8f4519492,ACC_6fd2b98f8505,2024-12-09 00:00:00,48360.82,CNY,DEBIT,MER_e64d96606269,CANCELLED
TXN_dab2a366d102,ACC_602cd3e60a66,2024-07-08 00:00:00,6620.59,CNY,DEBIT,MER_e682a147f40b,FAILED
TXN_7a90510f3e94,ACC_03cd939d96c1,2024-06-22 00:00:00,43896.06,EUR,DEBIT,MER_93cd277b5309,CANCELLED
TXN_af0480900b55,ACC_18c10b0ae2cf,2024-01-23 00:00:00,48926.04,JPY,TRANSFER,MER_72ebbc088923,CANCELLED
TXN_ad38776374a2,ACC_cefa1aebcb9d,2024-11-09 00:00:00,41481.16,GBP,REFUND,MER_9a7d7b04eee5,PENDING
TXN_14bac4931ff6,ACC_874b3ef7cbc2,2024-03-18 00:00:00,27788.18,JPY,DEBIT,MER_764c679faa10,COMPLETED
TXN_017cce90dacb,ACC_8a35a5a85087,2024-05-13 00:00:00,8186.11,JPY,PAYMENT,MER_f8f4668baa88,CANCELLED
TXN_95f823b5f4ce,ACC_66e0c8bc22d0,2024-12-29 00:00:00,28047.12,JPY,PAYMENT,MER_d07d465a481e,PENDING
TXN_cb248ee7437c,ACC_f8dd4d20b3ef,2024-05-25 00:00:00,9040.94,EUR,REFUND,MER_c19e48c7f4ce,PENDING
TXN_43a121c8a15c,ACC_fed6da9b73ad,2024-09-26 00:00:00,38344.71,EUR,PAYMENT,MER_bcd3ea565026,PENDING
TXN_3edab1cf6f8c,ACC_e2d86eefa61d,2024-06-17 00:00:00,1307.85,USD,PAYMENT,MER_164519830027,COMPLETED
TXN_57791f015655,ACC_1b6c1b4d5d48,2024-02-11 00:00:00,23017.06,JPY,PAYMENT,MER_5a83a9fdf90d,FAILED
TXN_459bc6ce7be5,ACC_069e01e15c73,2024-01-23 00:00:00,32812.08,JPY,TRANSFER,MER_c48080668400,PENDING
TXN_25d522d7cfb8,ACC_97920e338e0b,2024-11-25 00:00:00,14154.87,USD,DEBIT,MER_2e35de3da9fb,CANCELLED
TXN_c6a2d5df2c94,ACC_41ca4f371830,2024-05-02 00:00:00,48252.81,JPY,DEBIT,MER_04e662a53ed0,PENDING
TXN_b84e3fc1552e,ACC_1d8bb75e0263,2024-05-25 00:00:00,32361.93,EUR,DEBIT,MER_e14ec14cb707,CANCELLED
TXN_3b712521ff6d,ACC_3bda7bc7979f,2024-12-16 00:00:00,30179.65,GBP,DEBIT,MER_326eeac35609,PENDING
TXN_72c60a49b0a0,ACC_ae2470c95bff,2024-08-31 00:00:00,13431.29,CNY,PAYMENT,MER_6696164cadfb,CANCELLED
TXN_5242045cd006,ACC_055c2ec5aff4,2024-08-10 00:00:00,31538.01,USD,DEBIT,MER_d430914705b1,CANCELLED
TXN_9e09ca47d05e,ACC_05f8839f4b14,2024-12-31 00:00:00,7761.93,JPY,REFUND,MER_485b52d36d5a,COMPLETED
TXN_067aff843443,ACC_dd93f646fcec,2024-09-01 00:00:00,15026.66,EUR,TRANSFER,MER_586044e083d9,CANCELLED
TXN_0a7f1e396651,ACC_8f65539c1d1c,2024-02-09 00:00:00,45865.93,CNY,DEBIT,MER_34abb1d87891,CANCELLED
TXN_0e10c6176c6a,ACC_7b33ea284173,2024-10-18 00:00:00,40643.11,GBP,TRANSFER,MER_e2aa4bfe83a8,COMPLETED
TXN_97f96c1f6894,ACC_4b477be7ad42,2024-04-01 00:00:00,39310.99,JPY,DEBIT,MER_287299836a47,FAILED
TXN_d985f995e3a0,ACC_b819b6f91f8b,2024-12-09 00:00:00,22502.9,GBP,TRANSFER,MER_d558b293bc88,PENDING
TXN_9adcd325e990,ACC_bc4ca8455da9,2024-11-05 00:00:00,12973.29,USD,PAYMENT,MER_eabe03681301,COMPLETED
TXN_36317917afbf,ACC_6952ebd4f239,2024-12-01 00:00:00,23861.22,JPY,REFUND,MER_eb211d3b4a6a,FAILED
TXN_26350b1f12ac,ACC_4b8ddb697eb5,2024-07-03 00:00:00,34536.21,JPY,TRANSFER,MER_3a1609cf34c1,PENDING
TXN_0dc229182915,ACC_5d7f2ca8ced0,2024-01-09 00:00:00,34804.66,EUR,DEBIT,MER_93352af2a2bd,PENDING
TXN_7c07721eb804,ACC_b6a42dfb473e,2024-11-16 00:00:00,42910.89,CNY,CREDIT,MER_ea163533bdcc,CANCELLED
TXN_ca3537b21669,ACC_b3aec8137d30,2024-02-29 00:00:00,8313.61,EUR,PAYMENT,MER_972f88c40182,CANCELLED
TXN_620554c1e1e6,ACC_4a24f049e089,2024-05-04 00:00:00,10074.91,CNY,PAYMENT,MER_2055c2343e9f,COMPLETED
TXN_d9530af17485,ACC_65a0b00b3d2c,2024-08-09 00:00:00,48974.55,JPY,REFUND,MER_e0ac5f942850,FAILED
TXN_2cc48908ec94,ACC_0f05b10222fb,2024-09-19 00:00:00,29556.05,CNY,PAYMENT,MER_0b3a5b17fc17,COMPLETED
TXN_1cca13d531aa,ACC_9b8fa0ec8840,2024-06-10 00:00:00,27667.25,GBP,PAYMENT,MER_5ac6c6429efa,COMPLETED
TXN_b26d4ca8e509,ACC_85f16aa90d9c,2024-06-26 00:00:00,22421.79,JPY,DEBIT,MER_9bf16aa90898,PENDING
TXN_30a7e0e06610,ACC_d8ac9866724f,2024-09-16 00:00:00,10992.92,GBP,REFUND,MER_a1a70a7c48c4,CANCELLED
TXN_92c5760b21ea,ACC_2c7fd1c28743,2024-12-30 00:00:00,19524.66,JPY,TRANSFER,MER_5f4c409f1c46,PENDING
TXN_92da9ab62bcd,ACC_067c450f9780,2024-02-14 00:00:00,33356.15,EUR,CREDIT,MER_1a7addce01f7,CANCELLED
TXN_727901b325b8,ACC_39d73cfc5fc5,2024-09-09 00:00:00,15189.56,EUR,REFUND,MER_13590479557a,COMPLETED
TXN_b96b39da528b,ACC_e2f871ac7d2f,2024-12-12 00:00:00,7938.69,CNY,DEBIT,MER_68dd5bff145d,FAILED
TXN_1543e079365b,ACC_a5b1a5f4c3cb,2024-03-02 00:00:00,28103.45,JPY,TRANSFER,MER_19664eb3ff2f,FAILED
TXN_cc0420dd2b41,ACC_98164262a569,2024-10-12 00:00:00,13381.89,EUR,REFUND,MER_9e602338d1b9,COMPLETED
TXN_9c3552259d98,ACC_c6d4f8e6e611,2024-08-12 00:00:00,39951.35,USD,DEBIT,MER_fbeb4063a118,COMPLETED
TXN_8aaee4a00a26,ACC_03142b745b4e,2024-02-23 00:00:00,8360.64,USD,CREDIT,MER_8ed0467e4467,PENDING
TXN_10ea59b92b28,ACC_4d93788df990,2024-09-16 00:00:00,24924.57,USD,CREDIT,MER_8d98cf442d08,FAILED
TXN_96d9e6b6f678,ACC_271e53a6cd6a,2024-04-13 00:00:00,21961.03,JPY,DEBIT,MER_3d7e0e66ed1b,CANCELLED
TXN_99b8dfad1ff4,ACC_1c8d961ded0a,2024-02-13 00:00:00,13308.12,JPY,TRANSFER,MER_a5cdce86297d,PENDING
TXN_36169412a0b0,ACC_9346d09ace6e,2024-08-03 00:00:00,39362.91,EUR,PAYMENT,MER_7376e3788d0f,CANCELLED
TXN_78255575ac6e,ACC_e17473f75785,2024-09-21 00:00:00,39732.42,GBP,DEBIT,MER_24433bd7e3ac,COMPLETED
TXN_c6f8efd4188a,ACC_642810fe030f,2024-02-05 00:00:00,4248.06,GBP,PAYMENT,MER_f6b2fa9b08eb,PENDING
TXN_db5fac23abff,ACC_9c469d021697,2024-01-19 00:00:00,33012.21,EUR,REFUND,MER_dd6ac3b9d8a5,FAILED
TXN_25dc48f14a11,ACC_9f62f72bd717,2024-12-24 00:00:00,27684.99,GBP,TRANSFER,MER_f72edb7956ec,COMPLETED
TXN_949ffab57ac8,ACC_19487e29609f,2024-11-08 00:00:00,46023.33,JPY,PAYMENT,MER_806cfb0c0f83,CANCELLED
TXN_fd20f88ce042,ACC_b53891fd253c,2024-11-28 00:00:00,20231.24,EUR,TRANSFER,MER_b5c68fb88878,FAILED
TXN_71feb7120602,ACC_48bbc7431642,2024-03-05 00:00:00,26028.28,CNY,TRANSFER,MER_0cb8d2ed5906,FAILED
TXN_ecfe34656637,ACC_3970629fe2dd,2024-03-22 00:00:00,1180.85,CNY,REFUND,MER_85bde296882f,FAILED
TXN_38ef8034a7c0,ACC_a1877a7c4b4a,2024-02-26 00:00:00,36601.99,GBP,TRANSFER,MER_8fbfe923f53a,FAILED
TXN_e5d2ea39f612,ACC_a0c27d2f4852,2024-03-04 00:00:00,22442.36,CNY,DEBIT,MER_953795c8cae2,PENDING
TXN_fe415086a9cc,ACC_4553fdad6660,2024-10-16 00:00:00,35735.21,CNY,REFUND,MER_1af64bdee79a,FAILED
TXN_906c9d8104a3,ACC_f62bdecfb066,2024-10-20 00:00:00,33624.97,JPY,REFUND,MER_b9af2653560a,COMPLETED
TXN_5869fe8944e0,ACC_bc9f2c3fbbf0,2024-07-03 00:00:00,22720.94,EUR,PAYMENT,MER_d7abd8af0bb4,COMPLETED
TXN_00d48327b741,ACC_8a7e6d05d793,2024-03-07 00:00:00,23817.89,JPY,DEBIT,MER_37bf701eb478,CANCELLED
TXN_2d557df894ce,ACC_01ba8890e2dc,2024-07-21 00:00:00,43602.02,CNY,PAYMENT,MER_4e88fc18575b,CANCELLED
TXN_b7304c9a16c4,ACC_46812ec77dc8,2024-08-01 00:00:00,41192.35,EUR,REFUND,MER_8a4b99b8f2d8,CANCELLED
TXN_67c22ce17b53,ACC_dd703a64b0a6,2024-09-27 00:00:00,5911.73,EUR,PAYMENT,MER_1b128eab9872,PENDING
TXN_bc5c12c4ef5e,ACC_e5b85e0610e5,2024-03-01 00:00:00,30083.99,JPY,DEBIT,MER_b572781327ef,FAILED
TXN_d4a129f880c2,ACC_0654e9cbe554,2024-07-09 00:00:00,15253.18,GBP,TRANSFER,MER_67ebb4ca4141,COMPLETED
TXN_d81059a87d32,ACC_6a1a2cddd34f,2024-10-28 00:00:00,21093.63,GBP,TRANSFER,MER_9f475df42302,CANCELLED
TXN_b9515e49ff7a,ACC_37f7c4ff7b0c,2024-02-04 00:00:00,43522.62,JPY,PAYMENT,MER_efdcbfbf0b68,CANCELLED
TXN_38c85167b532,ACC_65f273849bb5,2024-08-31 00:00:00,41724.65,CNY,CREDIT,MER_0c6be3d3ac38,CANCELLED
TXN_85002a166d98,ACC_3c8976ece2c0,2024-03-17 00:00:00,43318.61,GBP,DEBIT,MER_5a058380a0ed,CANCELLED
TXN_7746a8a51af3,ACC_37b471c75b3a,2024-06-22 00:00:00,27054.31,JPY,TRANSFER,MER_c0498e12b1ee,PENDING
TXN_e0670814dd4e,ACC_76305489d234,2024-12-28 00:00:00,15449.32,USD,REFUND,MER_42192daff2b3,COMPLETED
TXN_5b9277c541c5,ACC_b69fecbb9005,2024-08-31 00:00:00,25136.91,USD,DEBIT,MER_81628f988ba5,PENDING
TXN_4783d007ef31,ACC_b25da034d923,2024-04-15 00:00:00,12271.88,CNY,PAYMENT,MER_96645c327b1e,FAILED
TXN_daf712804d84,ACC_9a485ce46ce7,2024-01-12 00:00:00,17004.43,EUR,PAYMENT,MER_d95f8bfad4a7,FAILED
TXN_687297c60ea8,ACC_af67511462aa,2024-02-20 00:00:00,27093.55,GBP,CREDIT,MER_5da83d864625,COMPLETED
TXN_f2f30428d687,ACC_236bbe01c261,2024-12-13 00:00:00,8467.86,CNY,TRANSFER,MER_a2b691f8eafc,COMPLETED
TXN_0a6e4e4dd6ce,ACC_1ee7bf1266c3,2024-03-13 00:00:00,20647.01,GBP,TRANSFER,MER_a5698410c22e,COMPLETED
TXN_8b9f463c3a6a,ACC_eb93b7cfd746,2024-11-01 00:00:00,29305.59,JPY,REFUND,MER_0159138f44a1,CANCELLED
TXN_79615cc7251a,ACC_0daf7d85f90c,2024-06-11 00:00:00,23246.53,JPY,DEBIT,MER_b25bc1d92a61,CANCELLED
TXN_c136b681a854,ACC_a02af9383d6b,2024-01-10 00:00:00,13465.3,CNY,DEBIT,MER_df960c9e9e5c,PENDING
TXN_a9a0f7495de7,ACC_8943c91bd412,2024-02-12 00:00:00,42315.43,CNY,CREDIT,MER_e0828a2482ab,PENDING
TXN_463c36c35bb7,ACC_123a32e7cb9a,2024-05-05 00:00:00,26881.41,JPY,REFUND,MER_06898802b9bb,COMPLETED
TXN_38938330448d,ACC_71ead7b1aaa4,2024-11-13 00:00:00,14469.58,EUR,DEBIT,MER_5687c1b8ff16,CANCELLED
TXN_35209de101fb,ACC_b6a05c03e912,2024-12-14 00:00:00,19013.87,GBP,CREDIT,MER_f21b3850e3d6,FAILED
TXN_b7ad0c405e7e,ACC_3ae31ecbe67d,2024-10-15 00:00:00,3506.06,USD,PAYMENT,MER_6f2b74243e5d,PENDING
TXN_bb30ff5de611,ACC_dd27eb423629,2024-08-09 00:00:00,10550.4,CNY,TRANSFER,MER_3594914a0b83,FAILED
TXN_3e568de4e899,ACC_3793c063a4d1,2024-12-28 00:00:00,22641.38,EUR,TRANSFER,MER_2135fef12be8,CANCELLED
TXN_29a85b025f82,ACC_41cc431fc5fc,2024-12-20 00:00:00,6694.95,USD,REFUND,MER_66dbadafae4b,COMPLETED
TXN_f6ede77f6887,ACC_f00c1e8fccfc,2024-12-22 00:00:00,35167.95,JPY,REFUND,MER_c2bcd2ec82a5,COMPLETED
TXN_2828592f7423,ACC_bc603314c2c2,2024-12-09 00:00:00,22264.39,USD,TRANSFER,MER_556751245fc3,CANCELLED
TXN_5285b8318553,ACC_0d160a0b22f7,2024-03-31 00:00:00,41958.9,USD,DEBIT,MER_2877ad771754,PENDING
TXN_757cee281965,ACC_cdac5ae2d730,2024-01-11 00:00:00,37923.47,GBP,CREDIT,MER_239596bbd720,FAILED
TXN_cbb4bf8baa26,ACC_8e06854d79ef,2024-09-09 00:00:00,48365.15,USD,TRANSFER,MER_e626d48d2f61,PENDING
TXN_3ba993090b5f,ACC_d6e08e69f86e,2024-11-22 00:00:00,19810.35,GBP,REFUND,MER_87672a6ad082,PENDING
TXN_a57f2ae4a7ac,ACC_9e006e73616c,2024-10-16 00:00:00,33612.06,CNY,REFUND,MER_127753e7962b,PENDING
TXN_927cb3ba30f3,ACC_47055e33f51a,2024-10-18 00:00:00,42775.39,CNY,TRANSFER,MER_3f1080e0187a,COMPLETED
TXN_b2428315e0e7,ACC_8335f06dd7bf,2024-09-29 00:00:00,30726.68,CNY,PAYMENT,MER_d993f71d4ac9,CANCELLED
TXN_2b7005fe548a,ACC_c422364f7281,2024-01-27 00:00:00,42694.45,GBP,PAYMENT,MER_d28de13dc5c8,CANCELLED
TXN_a926c5394515,ACC_23e763560499,2024-08-26 00:00:00,24783.78,CNY,DEBIT,MER_9c9cb48f269d,PENDING
TXN_d71b13592d3b,ACC_4e2bab5eb547,2024-09-29 00:00:00,22448.59,USD,PAYMENT,MER_28a24e0ac5f9,COMPLETED
TXN_8dc40af10c78,ACC_7bb1a4ecb661,2024-04-25 00:00:00,48905.0,JPY,DEBIT,MER_387d81fbfd62,PENDING
TXN_a65cbeaa30e0,ACC_7bb54f5c7200,2024-11-16 00:00:00,31268.48,USD,PAYMENT,MER_0479e5615b90,COMPLETED
TXN_e31c50eea21f,ACC_bc60d53e12e4,2024-06-20 00:00:00,42026.97,EUR,DEBIT,MER_e69c8d25a842,FAILED
TXN_8d6f91a29a5d,ACC_5a3d359863e8,2024-09-23 00:00:00,39707.61,USD,REFUND,MER_e94965a74e4b,COMPLETED
